{
  "item_name": "opencpop_2001_phrase_038",
  "mel_npy": "D:\\YiYuTongSheng\\data\\svs\\segments\\opencpop_2001_phrase_038.mel.npy",
  "mel_min": -5.450397491455078,
  "mel_max": -0.7316327095031738,
  "mel_mean": -2.8332605361938477,
  "mel_std": 0.8119458556175232,
  "mel_has_nan": false,
  "mel_has_inf": false,
  "mel_shape": [
    1,
    616,
    80
  ],
  "mel": {
    "min": -5.450397491455078,
    "max": -0.7316327095031738,
    "mean": -2.8332605361938477,
    "std": 0.8119458556175232,
    "has_nan": false,
    "has_inf": false,
    "shape": [
      1,
      616,
      80
    ]
  },
  "f0_exists": true,
  "f0_source": "notes_fallback_naturalized",
  "f0_naturalized": true,
  "f0_raw_npy": "D:\\YiYuTongSheng\\data\\svs\\segments\\opencpop_2001_phrase_038.f0_raw.npy",
  "f0_natural_npy": "D:\\YiYuTongSheng\\data\\svs\\segments\\opencpop_2001_phrase_038.f0_natural.npy",
  "f0_raw_min": 329.6275634765625,
  "f0_raw_max": 440.0,
  "f0_raw_mean": 388.80364990234375,
  "f0_raw_std": 34.113407135009766,
  "f0_raw_has_nan": false,
  "f0_raw_has_inf": false,
  "f0_natural_min": 325.6992492675781,
  "f0_natural_max": 444.4220275878906,
  "f0_natural_mean": 388.8648681640625,
  "f0_natural_std": 33.94780349731445,
  "f0_natural_has_nan": false,
  "f0_natural_has_inf": false,
  "f0_min": 325.6992492675781,
  "f0_max": 444.4220275878906,
  "f0_mean": 388.8648681640625,
  "f0_std": 33.94780349731445,
  "f0_has_nan": false,
  "f0_has_inf": false,
  "f0_shape": [
    1,
    616
  ],
  "f0": {
    "min": 325.6992492675781,
    "max": 444.4220275878906,
    "mean": 388.8648681640625,
    "std": 33.94780349731445,
    "has_nan": false,
    "has_inf": false,
    "shape": [
      1,
      616
    ]
  },
  "vibrato_enabled": true,
  "transition_smoothing_ms": 50,
  "vibrato_rate_hz": 5.5,
  "vibrato_depth_cents": 15,
  "tail_fall_cents": 20,
  "jitter_cents": 2
}
