{
  "item_name": "opencpop_2037_phrase_006",
  "mel_npy": "D:\\YiYuTongSheng\\data\\svs\\segments\\opencpop_2037_phrase_006.mel.npy",
  "mel_min": -5.160835266113281,
  "mel_max": -0.2361598014831543,
  "mel_mean": -2.526606559753418,
  "mel_std": 0.8024068474769592,
  "mel_has_nan": false,
  "mel_has_inf": false,
  "mel_shape": [
    1,
    1044,
    80
  ],
  "mel": {
    "min": -5.160835266113281,
    "max": -0.2361598014831543,
    "mean": -2.526606559753418,
    "std": 0.8024068474769592,
    "has_nan": false,
    "has_inf": false,
    "shape": [
      1,
      1044,
      80
    ]
  },
  "f0_exists": true,
  "f0_source": "notes_fallback_naturalized",
  "f0_naturalized": true,
  "f0_raw_npy": "D:\\YiYuTongSheng\\data\\svs\\segments\\opencpop_2037_phrase_006.f0_raw.npy",
  "f0_natural_npy": "D:\\YiYuTongSheng\\data\\svs\\segments\\opencpop_2037_phrase_006.f0_natural.npy",
  "f0_raw_min": 293.6647644042969,
  "f0_raw_max": 493.88330078125,
  "f0_raw_mean": 406.29705810546875,
  "f0_raw_std": 67.59981536865234,
  "f0_raw_has_nan": false,
  "f0_raw_has_inf": false,
  "f0_natural_min": 291.0836486816406,
  "f0_natural_max": 498.4601135253906,
  "f0_natural_mean": 406.290771484375,
  "f0_natural_std": 67.32412719726562,
  "f0_natural_has_nan": false,
  "f0_natural_has_inf": false,
  "f0_min": 291.0836486816406,
  "f0_max": 498.4601135253906,
  "f0_mean": 406.290771484375,
  "f0_std": 67.32412719726562,
  "f0_has_nan": false,
  "f0_has_inf": false,
  "f0_shape": [
    1,
    1044
  ],
  "f0": {
    "min": 291.0836486816406,
    "max": 498.4601135253906,
    "mean": 406.290771484375,
    "std": 67.32412719726562,
    "has_nan": false,
    "has_inf": false,
    "shape": [
      1,
      1044
    ]
  },
  "vibrato_enabled": true,
  "transition_smoothing_ms": 50,
  "vibrato_rate_hz": 5.5,
  "vibrato_depth_cents": 15,
  "tail_fall_cents": 20,
  "jitter_cents": 2
}
