{
  "item_name": "opencpop_2037_phrase_030",
  "mel_npy": "D:\\YiYuTongSheng\\data\\svs\\segments\\opencpop_2037_phrase_030.mel.npy",
  "mel_min": -5.869142532348633,
  "mel_max": -0.44817638397216797,
  "mel_mean": -2.7228715419769287,
  "mel_std": 0.9017055034637451,
  "mel_has_nan": false,
  "mel_has_inf": false,
  "mel_shape": [
    1,
    415,
    80
  ],
  "mel": {
    "min": -5.869142532348633,
    "max": -0.44817638397216797,
    "mean": -2.7228715419769287,
    "std": 0.9017055034637451,
    "has_nan": false,
    "has_inf": false,
    "shape": [
      1,
      415,
      80
    ]
  },
  "f0_exists": true,
  "f0_source": "notes_fallback_naturalized",
  "f0_naturalized": true,
  "f0_raw_npy": "D:\\YiYuTongSheng\\data\\svs\\segments\\opencpop_2037_phrase_030.f0_raw.npy",
  "f0_natural_npy": "D:\\YiYuTongSheng\\data\\svs\\segments\\opencpop_2037_phrase_030.f0_natural.npy",
  "f0_raw_min": 195.99771118164062,
  "f0_raw_max": 329.6275634765625,
  "f0_raw_mean": 262.8345947265625,
  "f0_raw_std": 45.465023040771484,
  "f0_raw_has_nan": false,
  "f0_raw_has_inf": false,
  "f0_natural_min": 193.1081085205078,
  "f0_natural_max": 329.819091796875,
  "f0_natural_mean": 262.8012390136719,
  "f0_natural_std": 45.0775032043457,
  "f0_natural_has_nan": false,
  "f0_natural_has_inf": false,
  "f0_min": 193.1081085205078,
  "f0_max": 329.819091796875,
  "f0_mean": 262.8012390136719,
  "f0_std": 45.0775032043457,
  "f0_has_nan": false,
  "f0_has_inf": false,
  "f0_shape": [
    1,
    415
  ],
  "f0": {
    "min": 193.1081085205078,
    "max": 329.819091796875,
    "mean": 262.8012390136719,
    "std": 45.0775032043457,
    "has_nan": false,
    "has_inf": false,
    "shape": [
      1,
      415
    ]
  },
  "vibrato_enabled": true,
  "transition_smoothing_ms": 50,
  "vibrato_rate_hz": 5.5,
  "vibrato_depth_cents": 15,
  "tail_fall_cents": 20,
  "jitter_cents": 2
}
