{
  "item_name": "opencpop_2001_phrase_003",
  "mel_npy": "D:\\YiYuTongSheng\\data\\svs\\segments\\opencpop_2001_phrase_003.mel.npy",
  "mel_min": -5.701404094696045,
  "mel_max": -0.8205752372741699,
  "mel_mean": -3.04736590385437,
  "mel_std": 0.7657457590103149,
  "mel_has_nan": false,
  "mel_has_inf": false,
  "mel_shape": [
    1,
    734,
    80
  ],
  "mel": {
    "min": -5.701404094696045,
    "max": -0.8205752372741699,
    "mean": -3.04736590385437,
    "std": 0.7657457590103149,
    "has_nan": false,
    "has_inf": false,
    "shape": [
      1,
      734,
      80
    ]
  },
  "f0_exists": true,
  "f0_source": "notes_fallback_naturalized",
  "f0_naturalized": true,
  "f0_raw_npy": "D:\\YiYuTongSheng\\data\\svs\\segments\\opencpop_2001_phrase_003.f0_raw.npy",
  "f0_natural_npy": "D:\\YiYuTongSheng\\data\\svs\\segments\\opencpop_2001_phrase_003.f0_natural.npy",
  "f0_raw_min": 311.1269836425781,
  "f0_raw_max": 415.3046875,
  "f0_raw_mean": 350.8934631347656,
  "f0_raw_std": 35.947811126708984,
  "f0_raw_has_nan": false,
  "f0_raw_has_inf": false,
  "f0_natural_min": 310.7677307128906,
  "f0_natural_max": 419.8175964355469,
  "f0_natural_mean": 350.9026184082031,
  "f0_natural_std": 36.030887603759766,
  "f0_natural_has_nan": false,
  "f0_natural_has_inf": false,
  "f0_min": 310.7677307128906,
  "f0_max": 419.8175964355469,
  "f0_mean": 350.9026184082031,
  "f0_std": 36.030887603759766,
  "f0_has_nan": false,
  "f0_has_inf": false,
  "f0_shape": [
    1,
    734
  ],
  "f0": {
    "min": 310.7677307128906,
    "max": 419.8175964355469,
    "mean": 350.9026184082031,
    "std": 36.030887603759766,
    "has_nan": false,
    "has_inf": false,
    "shape": [
      1,
      734
    ]
  },
  "vibrato_enabled": true,
  "transition_smoothing_ms": 50,
  "vibrato_rate_hz": 5.5,
  "vibrato_depth_cents": 15,
  "tail_fall_cents": 20,
  "jitter_cents": 2
}
