{
  "item_name": "opencpop_2018_phrase_027",
  "mel_npy": "D:\\YiYuTongSheng\\data\\svs\\segments\\opencpop_2018_phrase_027.mel.npy",
  "mel_min": -5.745993614196777,
  "mel_max": -0.7444753646850586,
  "mel_mean": -3.069885015487671,
  "mel_std": 0.7682045102119446,
  "mel_has_nan": false,
  "mel_has_inf": false,
  "mel_shape": [
    1,
    567,
    80
  ],
  "mel": {
    "min": -5.745993614196777,
    "max": -0.7444753646850586,
    "mean": -3.069885015487671,
    "std": 0.7682045102119446,
    "has_nan": false,
    "has_inf": false,
    "shape": [
      1,
      567,
      80
    ]
  },
  "f0_exists": true,
  "f0_source": "notes_fallback_naturalized",
  "f0_naturalized": true,
  "f0_raw_npy": "D:\\YiYuTongSheng\\data\\svs\\segments\\opencpop_2018_phrase_027.f0_raw.npy",
  "f0_natural_npy": "D:\\YiYuTongSheng\\data\\svs\\segments\\opencpop_2018_phrase_027.f0_natural.npy",
  "f0_raw_min": 293.6647644042969,
  "f0_raw_max": 440.0,
  "f0_raw_mean": 378.6114807128906,
  "f0_raw_std": 46.42983627319336,
  "f0_raw_has_nan": false,
  "f0_raw_has_inf": false,
  "f0_natural_min": 293.12115478515625,
  "f0_natural_max": 444.15386962890625,
  "f0_natural_mean": 378.5929870605469,
  "f0_natural_std": 46.20690155029297,
  "f0_natural_has_nan": false,
  "f0_natural_has_inf": false,
  "f0_min": 293.12115478515625,
  "f0_max": 444.15386962890625,
  "f0_mean": 378.5929870605469,
  "f0_std": 46.20690155029297,
  "f0_has_nan": false,
  "f0_has_inf": false,
  "f0_shape": [
    1,
    567
  ],
  "f0": {
    "min": 293.12115478515625,
    "max": 444.15386962890625,
    "mean": 378.5929870605469,
    "std": 46.20690155029297,
    "has_nan": false,
    "has_inf": false,
    "shape": [
      1,
      567
    ]
  },
  "vibrato_enabled": true,
  "transition_smoothing_ms": 50,
  "vibrato_rate_hz": 5.5,
  "vibrato_depth_cents": 15,
  "tail_fall_cents": 20,
  "jitter_cents": 2
}
