{
  "item_name": "opencpop_2037_phrase_029",
  "mel_npy": "D:\\YiYuTongSheng\\data\\svs\\segments\\opencpop_2037_phrase_029.mel.npy",
  "mel_min": -5.768160343170166,
  "mel_max": -0.19520282745361328,
  "mel_mean": -2.630506753921509,
  "mel_std": 0.7937072515487671,
  "mel_has_nan": false,
  "mel_has_inf": false,
  "mel_shape": [
    1,
    675,
    80
  ],
  "mel": {
    "min": -5.768160343170166,
    "max": -0.19520282745361328,
    "mean": -2.630506753921509,
    "std": 0.7937072515487671,
    "has_nan": false,
    "has_inf": false,
    "shape": [
      1,
      675,
      80
    ]
  },
  "f0_exists": true,
  "f0_source": "notes_fallback_naturalized",
  "f0_naturalized": true,
  "f0_raw_npy": "D:\\YiYuTongSheng\\data\\svs\\segments\\opencpop_2037_phrase_029.f0_raw.npy",
  "f0_natural_npy": "D:\\YiYuTongSheng\\data\\svs\\segments\\opencpop_2037_phrase_029.f0_natural.npy",
  "f0_raw_min": 246.941650390625,
  "f0_raw_max": 440.0,
  "f0_raw_mean": 322.5238952636719,
  "f0_raw_std": 67.25574493408203,
  "f0_raw_has_nan": false,
  "f0_raw_has_inf": false,
  "f0_natural_min": 244.26779174804688,
  "f0_natural_max": 444.2870178222656,
  "f0_natural_mean": 322.5921630859375,
  "f0_natural_std": 67.19915008544922,
  "f0_natural_has_nan": false,
  "f0_natural_has_inf": false,
  "f0_min": 244.26779174804688,
  "f0_max": 444.2870178222656,
  "f0_mean": 322.5921630859375,
  "f0_std": 67.19915008544922,
  "f0_has_nan": false,
  "f0_has_inf": false,
  "f0_shape": [
    1,
    675
  ],
  "f0": {
    "min": 244.26779174804688,
    "max": 444.2870178222656,
    "mean": 322.5921630859375,
    "std": 67.19915008544922,
    "has_nan": false,
    "has_inf": false,
    "shape": [
      1,
      675
    ]
  },
  "vibrato_enabled": true,
  "transition_smoothing_ms": 50,
  "vibrato_rate_hz": 5.5,
  "vibrato_depth_cents": 15,
  "tail_fall_cents": 20,
  "jitter_cents": 2
}
