{
  "item_name": "opencpop_2001_phrase_016",
  "mel_npy": "D:\\YiYuTongSheng\\data\\svs\\segments\\opencpop_2001_phrase_016.mel.npy",
  "mel_min": -6.003262996673584,
  "mel_max": -0.7718696594238281,
  "mel_mean": -3.0974442958831787,
  "mel_std": 0.7951524257659912,
  "mel_has_nan": false,
  "mel_has_inf": false,
  "mel_shape": [
    1,
    940,
    80
  ],
  "mel": {
    "min": -6.003262996673584,
    "max": -0.7718696594238281,
    "mean": -3.0974442958831787,
    "std": 0.7951524257659912,
    "has_nan": false,
    "has_inf": false,
    "shape": [
      1,
      940,
      80
    ]
  },
  "f0_exists": true,
  "f0_source": "notes_fallback_naturalized",
  "f0_naturalized": true,
  "f0_raw_npy": "D:\\YiYuTongSheng\\data\\svs\\segments\\opencpop_2001_phrase_016.f0_raw.npy",
  "f0_natural_npy": "D:\\YiYuTongSheng\\data\\svs\\segments\\opencpop_2001_phrase_016.f0_natural.npy",
  "f0_raw_min": 246.941650390625,
  "f0_raw_max": 415.3046875,
  "f0_raw_mean": 310.03436279296875,
  "f0_raw_std": 71.90823364257812,
  "f0_raw_has_nan": false,
  "f0_raw_has_inf": false,
  "f0_natural_min": 244.6168670654297,
  "f0_natural_max": 419.6129455566406,
  "f0_natural_mean": 309.9318542480469,
  "f0_natural_std": 71.26018524169922,
  "f0_natural_has_nan": false,
  "f0_natural_has_inf": false,
  "f0_min": 244.6168670654297,
  "f0_max": 419.6129455566406,
  "f0_mean": 309.9318542480469,
  "f0_std": 71.26018524169922,
  "f0_has_nan": false,
  "f0_has_inf": false,
  "f0_shape": [
    1,
    940
  ],
  "f0": {
    "min": 244.6168670654297,
    "max": 419.6129455566406,
    "mean": 309.9318542480469,
    "std": 71.26018524169922,
    "has_nan": false,
    "has_inf": false,
    "shape": [
      1,
      940
    ]
  },
  "vibrato_enabled": true,
  "transition_smoothing_ms": 50,
  "vibrato_rate_hz": 5.5,
  "vibrato_depth_cents": 15,
  "tail_fall_cents": 20,
  "jitter_cents": 2
}
