{
  "item_name": "opencpop_2018_phrase_023",
  "mel_npy": "D:\\YiYuTongSheng\\data\\svs\\segments\\opencpop_2018_phrase_023.mel.npy",
  "mel_min": -5.944881439208984,
  "mel_max": -0.4049687385559082,
  "mel_mean": -2.967766523361206,
  "mel_std": 0.7791914939880371,
  "mel_has_nan": false,
  "mel_has_inf": false,
  "mel_shape": [
    1,
    1105,
    80
  ],
  "mel": {
    "min": -5.944881439208984,
    "max": -0.4049687385559082,
    "mean": -2.967766523361206,
    "std": 0.7791914939880371,
    "has_nan": false,
    "has_inf": false,
    "shape": [
      1,
      1105,
      80
    ]
  },
  "f0_exists": true,
  "f0_source": "notes_fallback_naturalized",
  "f0_naturalized": true,
  "f0_raw_npy": "D:\\YiYuTongSheng\\data\\svs\\segments\\opencpop_2018_phrase_023.f0_raw.npy",
  "f0_natural_npy": "D:\\YiYuTongSheng\\data\\svs\\segments\\opencpop_2018_phrase_023.f0_natural.npy",
  "f0_raw_min": 277.1826171875,
  "f0_raw_max": 554.365234375,
  "f0_raw_mean": 424.1039733886719,
  "f0_raw_std": 85.83368682861328,
  "f0_raw_has_nan": false,
  "f0_raw_has_inf": false,
  "f0_natural_min": 276.611083984375,
  "f0_natural_max": 559.1226806640625,
  "f0_natural_mean": 424.0271911621094,
  "f0_natural_std": 85.47540283203125,
  "f0_natural_has_nan": false,
  "f0_natural_has_inf": false,
  "f0_min": 276.611083984375,
  "f0_max": 559.1226806640625,
  "f0_mean": 424.0271911621094,
  "f0_std": 85.47540283203125,
  "f0_has_nan": false,
  "f0_has_inf": false,
  "f0_shape": [
    1,
    1105
  ],
  "f0": {
    "min": 276.611083984375,
    "max": 559.1226806640625,
    "mean": 424.0271911621094,
    "std": 85.47540283203125,
    "has_nan": false,
    "has_inf": false,
    "shape": [
      1,
      1105
    ]
  },
  "vibrato_enabled": true,
  "transition_smoothing_ms": 50,
  "vibrato_rate_hz": 5.5,
  "vibrato_depth_cents": 15,
  "tail_fall_cents": 20,
  "jitter_cents": 2
}
