{
  "item_name": "opencpop_2037_phrase_002",
  "mel_npy": "D:\\YiYuTongSheng\\data\\svs\\segments\\opencpop_2037_phrase_002.mel.npy",
  "mel_min": -5.945042610168457,
  "mel_max": -0.46828699111938477,
  "mel_mean": -2.8555750846862793,
  "mel_std": 0.8058844804763794,
  "mel_has_nan": false,
  "mel_has_inf": false,
  "mel_shape": [
    1,
    692,
    80
  ],
  "mel": {
    "min": -5.945042610168457,
    "max": -0.46828699111938477,
    "mean": -2.8555750846862793,
    "std": 0.8058844804763794,
    "has_nan": false,
    "has_inf": false,
    "shape": [
      1,
      692,
      80
    ]
  },
  "f0_exists": true,
  "f0_source": "notes_fallback_naturalized",
  "f0_naturalized": true,
  "f0_raw_npy": "D:\\YiYuTongSheng\\data\\svs\\segments\\opencpop_2037_phrase_002.f0_raw.npy",
  "f0_natural_npy": "D:\\YiYuTongSheng\\data\\svs\\segments\\opencpop_2037_phrase_002.f0_natural.npy",
  "f0_raw_min": 195.99771118164062,
  "f0_raw_max": 261.6255798339844,
  "f0_raw_mean": 230.12405395507812,
  "f0_raw_std": 26.630258560180664,
  "f0_raw_has_nan": false,
  "f0_raw_has_inf": false,
  "f0_natural_min": 193.48976135253906,
  "f0_natural_max": 264.3329162597656,
  "f0_natural_mean": 230.1656951904297,
  "f0_natural_std": 26.62079620361328,
  "f0_natural_has_nan": false,
  "f0_natural_has_inf": false,
  "f0_min": 193.48976135253906,
  "f0_max": 264.3329162597656,
  "f0_mean": 230.1656951904297,
  "f0_std": 26.62079620361328,
  "f0_has_nan": false,
  "f0_has_inf": false,
  "f0_shape": [
    1,
    692
  ],
  "f0": {
    "min": 193.48976135253906,
    "max": 264.3329162597656,
    "mean": 230.1656951904297,
    "std": 26.62079620361328,
    "has_nan": false,
    "has_inf": false,
    "shape": [
      1,
      692
    ]
  },
  "vibrato_enabled": true,
  "transition_smoothing_ms": 50,
  "vibrato_rate_hz": 5.5,
  "vibrato_depth_cents": 15,
  "tail_fall_cents": 20,
  "jitter_cents": 2
}
