{
  "item_name": "opencpop_2014_phrase_011",
  "mel_npy": "D:\\YiYuTongSheng\\data\\svs\\segments\\opencpop_2014_phrase_011.mel.npy",
  "mel_min": -5.9810285568237305,
  "mel_max": -0.6749072074890137,
  "mel_mean": -2.9035308361053467,
  "mel_std": 0.8217120170593262,
  "mel_has_nan": false,
  "mel_has_inf": false,
  "mel_shape": [
    1,
    1119,
    80
  ],
  "mel": {
    "min": -5.9810285568237305,
    "max": -0.6749072074890137,
    "mean": -2.9035308361053467,
    "std": 0.8217120170593262,
    "has_nan": false,
    "has_inf": false,
    "shape": [
      1,
      1119,
      80
    ]
  },
  "f0_exists": true,
  "f0_source": "notes_fallback_naturalized",
  "f0_naturalized": true,
  "f0_raw_npy": "D:\\YiYuTongSheng\\data\\svs\\segments\\opencpop_2014_phrase_011.f0_raw.npy",
  "f0_natural_npy": "D:\\YiYuTongSheng\\data\\svs\\segments\\opencpop_2014_phrase_011.f0_natural.npy",
  "f0_raw_min": 261.6255798339844,
  "f0_raw_max": 415.3046875,
  "f0_raw_mean": 346.8966064453125,
  "f0_raw_std": 43.7579231262207,
  "f0_raw_has_nan": false,
  "f0_raw_has_inf": false,
  "f0_natural_min": 259.4549865722656,
  "f0_natural_max": 417.9236755371094,
  "f0_natural_mean": 346.84881591796875,
  "f0_natural_std": 43.62981414794922,
  "f0_natural_has_nan": false,
  "f0_natural_has_inf": false,
  "f0_min": 259.4549865722656,
  "f0_max": 417.9236755371094,
  "f0_mean": 346.84881591796875,
  "f0_std": 43.62981414794922,
  "f0_has_nan": false,
  "f0_has_inf": false,
  "f0_shape": [
    1,
    1119
  ],
  "f0": {
    "min": 259.4549865722656,
    "max": 417.9236755371094,
    "mean": 346.84881591796875,
    "std": 43.62981414794922,
    "has_nan": false,
    "has_inf": false,
    "shape": [
      1,
      1119
    ]
  },
  "vibrato_enabled": true,
  "transition_smoothing_ms": 50,
  "vibrato_rate_hz": 5.5,
  "vibrato_depth_cents": 15,
  "tail_fall_cents": 20,
  "jitter_cents": 2
}
