{
  "item_name": "opencpop_2001_phrase_001",
  "mel_npy": "D:\\YiYuTongSheng\\data\\svs\\segments\\opencpop_2001_phrase_001.mel.npy",
  "mel_min": -5.667928695678711,
  "mel_max": -0.8921656608581543,
  "mel_mean": -3.103276252746582,
  "mel_std": 0.7750789523124695,
  "mel_has_nan": false,
  "mel_has_inf": false,
  "mel_shape": [
    1,
    691,
    80
  ],
  "mel": {
    "min": -5.667928695678711,
    "max": -0.8921656608581543,
    "mean": -3.103276252746582,
    "std": 0.7750789523124695,
    "has_nan": false,
    "has_inf": false,
    "shape": [
      1,
      691,
      80
    ]
  },
  "f0_exists": true,
  "f0_source": "notes_fallback_naturalized",
  "f0_naturalized": true,
  "f0_raw_npy": "D:\\YiYuTongSheng\\data\\svs\\segments\\opencpop_2001_phrase_001.f0_raw.npy",
  "f0_natural_npy": "D:\\YiYuTongSheng\\data\\svs\\segments\\opencpop_2001_phrase_001.f0_natural.npy",
  "f0_raw_min": 311.1269836425781,
  "f0_raw_max": 415.3046875,
  "f0_raw_mean": 350.2498779296875,
  "f0_raw_std": 35.642616271972656,
  "f0_raw_has_nan": false,
  "f0_raw_has_inf": false,
  "f0_natural_min": 309.84832763671875,
  "f0_natural_max": 419.3408203125,
  "f0_natural_mean": 350.3145751953125,
  "f0_natural_std": 35.680763244628906,
  "f0_natural_has_nan": false,
  "f0_natural_has_inf": false,
  "f0_min": 309.84832763671875,
  "f0_max": 419.3408203125,
  "f0_mean": 350.3145751953125,
  "f0_std": 35.680763244628906,
  "f0_has_nan": false,
  "f0_has_inf": false,
  "f0_shape": [
    1,
    691
  ],
  "f0": {
    "min": 309.84832763671875,
    "max": 419.3408203125,
    "mean": 350.3145751953125,
    "std": 35.680763244628906,
    "has_nan": false,
    "has_inf": false,
    "shape": [
      1,
      691
    ]
  },
  "vibrato_enabled": true,
  "transition_smoothing_ms": 50,
  "vibrato_rate_hz": 5.5,
  "vibrato_depth_cents": 15,
  "tail_fall_cents": 20,
  "jitter_cents": 2
}
