{
  "item_name": "opencpop_2037_phrase_015",
  "mel_npy": "D:\\YiYuTongSheng\\data\\svs\\segments\\opencpop_2037_phrase_015.mel.npy",
  "mel_min": -5.796119689941406,
  "mel_max": -0.1846327781677246,
  "mel_mean": -2.5786075592041016,
  "mel_std": 0.8161923885345459,
  "mel_has_nan": false,
  "mel_has_inf": false,
  "mel_shape": [
    1,
    663,
    80
  ],
  "mel": {
    "min": -5.796119689941406,
    "max": -0.1846327781677246,
    "mean": -2.5786075592041016,
    "std": 0.8161923885345459,
    "has_nan": false,
    "has_inf": false,
    "shape": [
      1,
      663,
      80
    ]
  },
  "f0_exists": true,
  "f0_source": "notes_fallback_naturalized",
  "f0_naturalized": true,
  "f0_raw_npy": "D:\\YiYuTongSheng\\data\\svs\\segments\\opencpop_2037_phrase_015.f0_raw.npy",
  "f0_natural_npy": "D:\\YiYuTongSheng\\data\\svs\\segments\\opencpop_2037_phrase_015.f0_natural.npy",
  "f0_raw_min": 369.9944152832031,
  "f0_raw_max": 440.0,
  "f0_raw_mean": 416.4443664550781,
  "f0_raw_std": 28.915287017822266,
  "f0_raw_has_nan": false,
  "f0_raw_has_inf": false,
  "f0_natural_min": 366.9158020019531,
  "f0_natural_max": 444.3856506347656,
  "f0_natural_mean": 416.48199462890625,
  "f0_natural_std": 28.61241340637207,
  "f0_natural_has_nan": false,
  "f0_natural_has_inf": false,
  "f0_min": 366.9158020019531,
  "f0_max": 444.3856506347656,
  "f0_mean": 416.48199462890625,
  "f0_std": 28.61241340637207,
  "f0_has_nan": false,
  "f0_has_inf": false,
  "f0_shape": [
    1,
    663
  ],
  "f0": {
    "min": 366.9158020019531,
    "max": 444.3856506347656,
    "mean": 416.48199462890625,
    "std": 28.61241340637207,
    "has_nan": false,
    "has_inf": false,
    "shape": [
      1,
      663
    ]
  },
  "vibrato_enabled": true,
  "transition_smoothing_ms": 50,
  "vibrato_rate_hz": 5.5,
  "vibrato_depth_cents": 15,
  "tail_fall_cents": 20,
  "jitter_cents": 2
}
