{
  "item_name": "opencpop_2014_phrase_002",
  "mel_npy": "D:\\YiYuTongSheng\\data\\svs\\segments\\opencpop_2014_phrase_002.mel.npy",
  "mel_min": -5.780341148376465,
  "mel_max": -0.5600419044494629,
  "mel_mean": -2.7691280841827393,
  "mel_std": 0.7377929091453552,
  "mel_has_nan": false,
  "mel_has_inf": false,
  "mel_shape": [
    1,
    896,
    80
  ],
  "mel": {
    "min": -5.780341148376465,
    "max": -0.5600419044494629,
    "mean": -2.7691280841827393,
    "std": 0.7377929091453552,
    "has_nan": false,
    "has_inf": false,
    "shape": [
      1,
      896,
      80
    ]
  },
  "f0_exists": true,
  "f0_source": "notes_fallback_naturalized",
  "f0_naturalized": true,
  "f0_raw_npy": "D:\\YiYuTongSheng\\data\\svs\\segments\\opencpop_2014_phrase_002.f0_raw.npy",
  "f0_natural_npy": "D:\\YiYuTongSheng\\data\\svs\\segments\\opencpop_2014_phrase_002.f0_natural.npy",
  "f0_raw_min": 261.6255798339844,
  "f0_raw_max": 391.99542236328125,
  "f0_raw_mean": 311.63812255859375,
  "f0_raw_std": 33.82063674926758,
  "f0_raw_has_nan": false,
  "f0_raw_has_inf": false,
  "f0_natural_min": 261.375,
  "f0_natural_max": 395.23602294921875,
  "f0_natural_mean": 311.64495849609375,
  "f0_natural_std": 33.71455001831055,
  "f0_natural_has_nan": false,
  "f0_natural_has_inf": false,
  "f0_min": 261.375,
  "f0_max": 395.23602294921875,
  "f0_mean": 311.64495849609375,
  "f0_std": 33.71455001831055,
  "f0_has_nan": false,
  "f0_has_inf": false,
  "f0_shape": [
    1,
    896
  ],
  "f0": {
    "min": 261.375,
    "max": 395.23602294921875,
    "mean": 311.64495849609375,
    "std": 33.71455001831055,
    "has_nan": false,
    "has_inf": false,
    "shape": [
      1,
      896
    ]
  },
  "vibrato_enabled": true,
  "transition_smoothing_ms": 50,
  "vibrato_rate_hz": 5.5,
  "vibrato_depth_cents": 15,
  "tail_fall_cents": 20,
  "jitter_cents": 2
}
