{
  "item_name": "opencpop_2014_phrase_005",
  "mel_npy": "D:\\YiYuTongSheng\\data\\svs\\segments\\opencpop_2014_phrase_005.mel.npy",
  "mel_min": -6.173401832580566,
  "mel_max": -0.4352278709411621,
  "mel_mean": -2.8778433799743652,
  "mel_std": 0.8126469254493713,
  "mel_has_nan": false,
  "mel_has_inf": false,
  "mel_shape": [
    1,
    691,
    80
  ],
  "mel": {
    "min": -6.173401832580566,
    "max": -0.4352278709411621,
    "mean": -2.8778433799743652,
    "std": 0.8126469254493713,
    "has_nan": false,
    "has_inf": false,
    "shape": [
      1,
      691,
      80
    ]
  },
  "f0_exists": true,
  "f0_source": "notes_fallback_naturalized",
  "f0_naturalized": true,
  "f0_raw_npy": "D:\\YiYuTongSheng\\data\\svs\\segments\\opencpop_2014_phrase_005.f0_raw.npy",
  "f0_natural_npy": "D:\\YiYuTongSheng\\data\\svs\\segments\\opencpop_2014_phrase_005.f0_natural.npy",
  "f0_raw_min": 195.99771118164062,
  "f0_raw_max": 311.1269836425781,
  "f0_raw_mean": 255.91844177246094,
  "f0_raw_std": 43.19727325439453,
  "f0_raw_has_nan": false,
  "f0_raw_has_inf": false,
  "f0_natural_min": 195.5536346435547,
  "f0_natural_max": 314.2876892089844,
  "f0_natural_mean": 255.93722534179688,
  "f0_natural_std": 43.0650634765625,
  "f0_natural_has_nan": false,
  "f0_natural_has_inf": false,
  "f0_min": 195.5536346435547,
  "f0_max": 314.2876892089844,
  "f0_mean": 255.93722534179688,
  "f0_std": 43.0650634765625,
  "f0_has_nan": false,
  "f0_has_inf": false,
  "f0_shape": [
    1,
    691
  ],
  "f0": {
    "min": 195.5536346435547,
    "max": 314.2876892089844,
    "mean": 255.93722534179688,
    "std": 43.0650634765625,
    "has_nan": false,
    "has_inf": false,
    "shape": [
      1,
      691
    ]
  },
  "vibrato_enabled": true,
  "transition_smoothing_ms": 50,
  "vibrato_rate_hz": 5.5,
  "vibrato_depth_cents": 15,
  "tail_fall_cents": 20,
  "jitter_cents": 2
}
