{
  "item_name": "opencpop_2018_phrase_001",
  "mel_npy": "D:\\YiYuTongSheng\\data\\svs\\segments\\opencpop_2018_phrase_001.mel.npy",
  "mel_min": -5.82767915725708,
  "mel_max": -0.6703395843505859,
  "mel_mean": -3.018657684326172,
  "mel_std": 0.7158761024475098,
  "mel_has_nan": false,
  "mel_has_inf": false,
  "mel_shape": [
    1,
    532,
    80
  ],
  "mel": {
    "min": -5.82767915725708,
    "max": -0.6703395843505859,
    "mean": -3.018657684326172,
    "std": 0.7158761024475098,
    "has_nan": false,
    "has_inf": false,
    "shape": [
      1,
      532,
      80
    ]
  },
  "f0_exists": true,
  "f0_source": "notes_fallback_naturalized",
  "f0_naturalized": true,
  "f0_raw_npy": "D:\\YiYuTongSheng\\data\\svs\\segments\\opencpop_2018_phrase_001.f0_raw.npy",
  "f0_natural_npy": "D:\\YiYuTongSheng\\data\\svs\\segments\\opencpop_2018_phrase_001.f0_natural.npy",
  "f0_raw_min": 220.0,
  "f0_raw_max": 293.6647644042969,
  "f0_raw_mean": 268.33294677734375,
  "f0_raw_std": 23.10597801208496,
  "f0_raw_has_nan": false,
  "f0_raw_has_inf": false,
  "f0_natural_min": 219.59275817871094,
  "f0_natural_max": 296.6227722167969,
  "f0_natural_mean": 268.3411560058594,
  "f0_natural_std": 23.01291275024414,
  "f0_natural_has_nan": false,
  "f0_natural_has_inf": false,
  "f0_min": 219.59275817871094,
  "f0_max": 296.6227722167969,
  "f0_mean": 268.3411560058594,
  "f0_std": 23.01291275024414,
  "f0_has_nan": false,
  "f0_has_inf": false,
  "f0_shape": [
    1,
    532
  ],
  "f0": {
    "min": 219.59275817871094,
    "max": 296.6227722167969,
    "mean": 268.3411560058594,
    "std": 23.01291275024414,
    "has_nan": false,
    "has_inf": false,
    "shape": [
      1,
      532
    ]
  },
  "vibrato_enabled": true,
  "transition_smoothing_ms": 50,
  "vibrato_rate_hz": 5.5,
  "vibrato_depth_cents": 15,
  "tail_fall_cents": 20,
  "jitter_cents": 2
}
