{
  "item_name": "opencpop_2018_phrase_044",
  "mel_npy": "D:\\YiYuTongSheng\\data\\svs\\segments\\opencpop_2018_phrase_044.mel.npy",
  "mel_min": -5.639207363128662,
  "mel_max": -0.39313220977783203,
  "mel_mean": -2.9253482818603516,
  "mel_std": 0.7908333539962769,
  "mel_has_nan": false,
  "mel_has_inf": false,
  "mel_shape": [
    1,
    1091,
    80
  ],
  "mel": {
    "min": -5.639207363128662,
    "max": -0.39313220977783203,
    "mean": -2.9253482818603516,
    "std": 0.7908333539962769,
    "has_nan": false,
    "has_inf": false,
    "shape": [
      1,
      1091,
      80
    ]
  },
  "f0_exists": true,
  "f0_source": "notes_fallback_naturalized",
  "f0_naturalized": true,
  "f0_raw_npy": "D:\\YiYuTongSheng\\data\\svs\\segments\\opencpop_2018_phrase_044.f0_raw.npy",
  "f0_natural_npy": "D:\\YiYuTongSheng\\data\\svs\\segments\\opencpop_2018_phrase_044.f0_natural.npy",
  "f0_raw_min": 329.6275634765625,
  "f0_raw_max": 554.365234375,
  "f0_raw_mean": 457.2039794921875,
  "f0_raw_std": 57.24264907836914,
  "f0_raw_has_nan": false,
  "f0_raw_has_inf": false,
  "f0_natural_min": 329.369140625,
  "f0_natural_max": 559.9943237304688,
  "f0_natural_mean": 457.14227294921875,
  "f0_natural_std": 57.00374984741211,
  "f0_natural_has_nan": false,
  "f0_natural_has_inf": false,
  "f0_min": 329.369140625,
  "f0_max": 559.9943237304688,
  "f0_mean": 457.14227294921875,
  "f0_std": 57.00374984741211,
  "f0_has_nan": false,
  "f0_has_inf": false,
  "f0_shape": [
    1,
    1091
  ],
  "f0": {
    "min": 329.369140625,
    "max": 559.9943237304688,
    "mean": 457.14227294921875,
    "std": 57.00374984741211,
    "has_nan": false,
    "has_inf": false,
    "shape": [
      1,
      1091
    ]
  },
  "vibrato_enabled": true,
  "transition_smoothing_ms": 50,
  "vibrato_rate_hz": 5.5,
  "vibrato_depth_cents": 15,
  "tail_fall_cents": 20,
  "jitter_cents": 2
}
