{
  "item_name": "opencpop_2018_phrase_042",
  "mel_npy": "D:\\YiYuTongSheng\\data\\svs\\segments\\opencpop_2018_phrase_042.mel.npy",
  "mel_min": -5.0886335372924805,
  "mel_max": -0.3308372497558594,
  "mel_mean": -2.73602032661438,
  "mel_std": 0.8116251826286316,
  "mel_has_nan": false,
  "mel_has_inf": false,
  "mel_shape": [
    1,
    505,
    80
  ],
  "mel": {
    "min": -5.0886335372924805,
    "max": -0.3308372497558594,
    "mean": -2.73602032661438,
    "std": 0.8116251826286316,
    "has_nan": false,
    "has_inf": false,
    "shape": [
      1,
      505,
      80
    ]
  },
  "f0_exists": true,
  "f0_source": "notes_fallback_naturalized",
  "f0_naturalized": true,
  "f0_raw_npy": "D:\\YiYuTongSheng\\data\\svs\\segments\\opencpop_2018_phrase_042.f0_raw.npy",
  "f0_natural_npy": "D:\\YiYuTongSheng\\data\\svs\\segments\\opencpop_2018_phrase_042.f0_natural.npy",
  "f0_raw_min": 329.6275634765625,
  "f0_raw_max": 440.0,
  "f0_raw_mean": 378.9840087890625,
  "f0_raw_std": 53.28933334350586,
  "f0_raw_has_nan": false,
  "f0_raw_has_inf": false,
  "f0_natural_min": 324.6634216308594,
  "f0_natural_max": 443.5472412109375,
  "f0_natural_mean": 378.9983825683594,
  "f0_natural_std": 53.02524185180664,
  "f0_natural_has_nan": false,
  "f0_natural_has_inf": false,
  "f0_min": 324.6634216308594,
  "f0_max": 443.5472412109375,
  "f0_mean": 378.9983825683594,
  "f0_std": 53.02524185180664,
  "f0_has_nan": false,
  "f0_has_inf": false,
  "f0_shape": [
    1,
    505
  ],
  "f0": {
    "min": 324.6634216308594,
    "max": 443.5472412109375,
    "mean": 378.9983825683594,
    "std": 53.02524185180664,
    "has_nan": false,
    "has_inf": false,
    "shape": [
      1,
      505
    ]
  },
  "vibrato_enabled": true,
  "transition_smoothing_ms": 50,
  "vibrato_rate_hz": 5.5,
  "vibrato_depth_cents": 15,
  "tail_fall_cents": 20,
  "jitter_cents": 2
}
