{
  "item_name": "opencpop_2018_phrase_003",
  "mel_npy": "D:\\YiYuTongSheng\\data\\svs\\segments\\opencpop_2018_phrase_003.mel.npy",
  "mel_min": -5.890066146850586,
  "mel_max": -0.47478199005126953,
  "mel_mean": -3.0110912322998047,
  "mel_std": 0.754805326461792,
  "mel_has_nan": false,
  "mel_has_inf": false,
  "mel_shape": [
    1,
    683,
    80
  ],
  "mel": {
    "min": -5.890066146850586,
    "max": -0.47478199005126953,
    "mean": -3.0110912322998047,
    "std": 0.754805326461792,
    "has_nan": false,
    "has_inf": false,
    "shape": [
      1,
      683,
      80
    ]
  },
  "f0_exists": true,
  "f0_source": "notes_fallback_naturalized",
  "f0_naturalized": true,
  "f0_raw_npy": "D:\\YiYuTongSheng\\data\\svs\\segments\\opencpop_2018_phrase_003.f0_raw.npy",
  "f0_natural_npy": "D:\\YiYuTongSheng\\data\\svs\\segments\\opencpop_2018_phrase_003.f0_natural.npy",
  "f0_raw_min": 164.81378173828125,
  "f0_raw_max": 246.941650390625,
  "f0_raw_mean": 204.69473266601562,
  "f0_raw_std": 24.62489128112793,
  "f0_raw_has_nan": false,
  "f0_raw_has_inf": false,
  "f0_natural_min": 163.10671997070312,
  "f0_natural_max": 247.15310668945312,
  "f0_natural_mean": 204.71218872070312,
  "f0_natural_std": 24.636577606201172,
  "f0_natural_has_nan": false,
  "f0_natural_has_inf": false,
  "f0_min": 163.10671997070312,
  "f0_max": 247.15310668945312,
  "f0_mean": 204.71218872070312,
  "f0_std": 24.636577606201172,
  "f0_has_nan": false,
  "f0_has_inf": false,
  "f0_shape": [
    1,
    683
  ],
  "f0": {
    "min": 163.10671997070312,
    "max": 247.15310668945312,
    "mean": 204.71218872070312,
    "std": 24.636577606201172,
    "has_nan": false,
    "has_inf": false,
    "shape": [
      1,
      683
    ]
  },
  "vibrato_enabled": true,
  "transition_smoothing_ms": 50,
  "vibrato_rate_hz": 5.5,
  "vibrato_depth_cents": 15,
  "tail_fall_cents": 20,
  "jitter_cents": 2
}
