{
  "item_name": "opencpop_2001_phrase_035",
  "mel_npy": "D:\\YiYuTongSheng\\data\\svs\\segments\\opencpop_2001_phrase_035.mel.npy",
  "mel_min": -5.922113418579102,
  "mel_max": -0.48442697525024414,
  "mel_mean": -2.7864670753479004,
  "mel_std": 0.7791098356246948,
  "mel_has_nan": false,
  "mel_has_inf": false,
  "mel_shape": [
    1,
    889,
    80
  ],
  "mel": {
    "min": -5.922113418579102,
    "max": -0.48442697525024414,
    "mean": -2.7864670753479004,
    "std": 0.7791098356246948,
    "has_nan": false,
    "has_inf": false,
    "shape": [
      1,
      889,
      80
    ]
  },
  "f0_exists": true,
  "f0_source": "notes_fallback_naturalized",
  "f0_naturalized": true,
  "f0_raw_npy": "D:\\YiYuTongSheng\\data\\svs\\segments\\opencpop_2001_phrase_035.f0_raw.npy",
  "f0_natural_npy": "D:\\YiYuTongSheng\\data\\svs\\segments\\opencpop_2001_phrase_035.f0_natural.npy",
  "f0_raw_min": 329.6275634765625,
  "f0_raw_max": 554.365234375,
  "f0_raw_mean": 457.8101806640625,
  "f0_raw_std": 70.77507019042969,
  "f0_raw_has_nan": false,
  "f0_raw_has_inf": false,
  "f0_natural_min": 326.888427734375,
  "f0_natural_max": 559.0682983398438,
  "f0_natural_mean": 457.7713623046875,
  "f0_natural_std": 70.24754333496094,
  "f0_natural_has_nan": false,
  "f0_natural_has_inf": false,
  "f0_min": 326.888427734375,
  "f0_max": 559.0682983398438,
  "f0_mean": 457.7713623046875,
  "f0_std": 70.24754333496094,
  "f0_has_nan": false,
  "f0_has_inf": false,
  "f0_shape": [
    1,
    889
  ],
  "f0": {
    "min": 326.888427734375,
    "max": 559.0682983398438,
    "mean": 457.7713623046875,
    "std": 70.24754333496094,
    "has_nan": false,
    "has_inf": false,
    "shape": [
      1,
      889
    ]
  },
  "vibrato_enabled": true,
  "transition_smoothing_ms": 50,
  "vibrato_rate_hz": 5.5,
  "vibrato_depth_cents": 15,
  "tail_fall_cents": 20,
  "jitter_cents": 2
}
