{
  "item_name": "opencpop_2037_phrase_003",
  "mel_npy": "D:\\YiYuTongSheng\\data\\svs\\segments\\opencpop_2037_phrase_003.mel.npy",
  "mel_min": -5.979795455932617,
  "mel_max": -0.34949159622192383,
  "mel_mean": -2.8433756828308105,
  "mel_std": 0.8319476246833801,
  "mel_has_nan": false,
  "mel_has_inf": false,
  "mel_shape": [
    1,
    1047,
    80
  ],
  "mel": {
    "min": -5.979795455932617,
    "max": -0.34949159622192383,
    "mean": -2.8433756828308105,
    "std": 0.8319476246833801,
    "has_nan": false,
    "has_inf": false,
    "shape": [
      1,
      1047,
      80
    ]
  },
  "f0_exists": true,
  "f0_source": "notes_fallback_naturalized",
  "f0_naturalized": true,
  "f0_raw_npy": "D:\\YiYuTongSheng\\data\\svs\\segments\\opencpop_2037_phrase_003.f0_raw.npy",
  "f0_natural_npy": "D:\\YiYuTongSheng\\data\\svs\\segments\\opencpop_2037_phrase_003.f0_natural.npy",
  "f0_raw_min": 195.99771118164062,
  "f0_raw_max": 329.6275634765625,
  "f0_raw_mean": 267.0521240234375,
  "f0_raw_std": 40.90507888793945,
  "f0_raw_has_nan": false,
  "f0_raw_has_inf": false,
  "f0_natural_min": 195.0194091796875,
  "f0_natural_max": 333.6049499511719,
  "f0_natural_mean": 267.0451965332031,
  "f0_natural_std": 40.791893005371094,
  "f0_natural_has_nan": false,
  "f0_natural_has_inf": false,
  "f0_min": 195.0194091796875,
  "f0_max": 333.6049499511719,
  "f0_mean": 267.0451965332031,
  "f0_std": 40.791893005371094,
  "f0_has_nan": false,
  "f0_has_inf": false,
  "f0_shape": [
    1,
    1047
  ],
  "f0": {
    "min": 195.0194091796875,
    "max": 333.6049499511719,
    "mean": 267.0451965332031,
    "std": 40.791893005371094,
    "has_nan": false,
    "has_inf": false,
    "shape": [
      1,
      1047
    ]
  },
  "vibrato_enabled": true,
  "transition_smoothing_ms": 50,
  "vibrato_rate_hz": 5.5,
  "vibrato_depth_cents": 15,
  "tail_fall_cents": 20,
  "jitter_cents": 2
}
