{
  "item_name": "opencpop_2037_phrase_037",
  "mel_npy": "D:\\YiYuTongSheng\\data\\svs\\segments\\opencpop_2037_phrase_037.mel.npy",
  "mel_min": -5.181870460510254,
  "mel_max": -0.21412992477416992,
  "mel_mean": -2.5990941524505615,
  "mel_std": 0.8021436929702759,
  "mel_has_nan": false,
  "mel_has_inf": false,
  "mel_shape": [
    1,
    682,
    80
  ],
  "mel": {
    "min": -5.181870460510254,
    "max": -0.21412992477416992,
    "mean": -2.5990941524505615,
    "std": 0.8021436929702759,
    "has_nan": false,
    "has_inf": false,
    "shape": [
      1,
      682,
      80
    ]
  },
  "f0_exists": true,
  "f0_source": "notes_fallback_naturalized",
  "f0_naturalized": true,
  "f0_raw_npy": "D:\\YiYuTongSheng\\data\\svs\\segments\\opencpop_2037_phrase_037.f0_raw.npy",
  "f0_natural_npy": "D:\\YiYuTongSheng\\data\\svs\\segments\\opencpop_2037_phrase_037.f0_natural.npy",
  "f0_raw_min": 261.6255798339844,
  "f0_raw_max": 466.16375732421875,
  "f0_raw_mean": 342.8327331542969,
  "f0_raw_std": 72.6038589477539,
  "f0_raw_has_nan": false,
  "f0_raw_has_inf": false,
  "f0_natural_min": 258.8358459472656,
  "f0_natural_max": 470.77838134765625,
  "f0_natural_mean": 342.8960876464844,
  "f0_natural_std": 72.49337768554688,
  "f0_natural_has_nan": false,
  "f0_natural_has_inf": false,
  "f0_min": 258.8358459472656,
  "f0_max": 470.77838134765625,
  "f0_mean": 342.8960876464844,
  "f0_std": 72.49337768554688,
  "f0_has_nan": false,
  "f0_has_inf": false,
  "f0_shape": [
    1,
    682
  ],
  "f0": {
    "min": 258.8358459472656,
    "max": 470.77838134765625,
    "mean": 342.8960876464844,
    "std": 72.49337768554688,
    "has_nan": false,
    "has_inf": false,
    "shape": [
      1,
      682
    ]
  },
  "vibrato_enabled": true,
  "transition_smoothing_ms": 50,
  "vibrato_rate_hz": 5.5,
  "vibrato_depth_cents": 15,
  "tail_fall_cents": 20,
  "jitter_cents": 2
}
