{
  "item_name": "opencpop_2014_phrase_008",
  "mel_npy": "D:\\YiYuTongSheng\\data\\svs\\segments\\opencpop_2014_phrase_008.mel.npy",
  "mel_min": -6.013588905334473,
  "mel_max": -0.6106786727905273,
  "mel_mean": -2.950734853744507,
  "mel_std": 0.7647968530654907,
  "mel_has_nan": false,
  "mel_has_inf": false,
  "mel_shape": [
    1,
    901,
    80
  ],
  "mel": {
    "min": -6.013588905334473,
    "max": -0.6106786727905273,
    "mean": -2.950734853744507,
    "std": 0.7647968530654907,
    "has_nan": false,
    "has_inf": false,
    "shape": [
      1,
      901,
      80
    ]
  },
  "f0_exists": true,
  "f0_source": "notes_fallback_naturalized",
  "f0_naturalized": true,
  "f0_raw_npy": "D:\\YiYuTongSheng\\data\\svs\\segments\\opencpop_2014_phrase_008.f0_raw.npy",
  "f0_natural_npy": "D:\\YiYuTongSheng\\data\\svs\\segments\\opencpop_2014_phrase_008.f0_natural.npy",
  "f0_raw_min": 207.65234375,
  "f0_raw_max": 349.2282409667969,
  "f0_raw_mean": 263.0232849121094,
  "f0_raw_std": 37.63949966430664,
  "f0_raw_has_nan": false,
  "f0_raw_has_inf": false,
  "f0_natural_min": 206.73605346679688,
  "f0_natural_max": 349.9241638183594,
  "f0_natural_mean": 262.9761047363281,
  "f0_natural_std": 37.58440399169922,
  "f0_natural_has_nan": false,
  "f0_natural_has_inf": false,
  "f0_min": 206.73605346679688,
  "f0_max": 349.9241638183594,
  "f0_mean": 262.9761047363281,
  "f0_std": 37.58440399169922,
  "f0_has_nan": false,
  "f0_has_inf": false,
  "f0_shape": [
    1,
    901
  ],
  "f0": {
    "min": 206.73605346679688,
    "max": 349.9241638183594,
    "mean": 262.9761047363281,
    "std": 37.58440399169922,
    "has_nan": false,
    "has_inf": false,
    "shape": [
      1,
      901
    ]
  },
  "vibrato_enabled": true,
  "transition_smoothing_ms": 50,
  "vibrato_rate_hz": 5.5,
  "vibrato_depth_cents": 15,
  "tail_fall_cents": 20,
  "jitter_cents": 2
}
