{
  "item_name": "opencpop_2037_phrase_012",
  "mel_npy": "D:\\YiYuTongSheng\\data\\svs\\segments\\opencpop_2037_phrase_012.mel.npy",
  "mel_min": -6.039724826812744,
  "mel_max": -0.4173283576965332,
  "mel_mean": -2.702578067779541,
  "mel_std": 0.9135988354682922,
  "mel_has_nan": false,
  "mel_has_inf": false,
  "mel_shape": [
    1,
    429,
    80
  ],
  "mel": {
    "min": -6.039724826812744,
    "max": -0.4173283576965332,
    "mean": -2.702578067779541,
    "std": 0.9135988354682922,
    "has_nan": false,
    "has_inf": false,
    "shape": [
      1,
      429,
      80
    ]
  },
  "f0_exists": true,
  "f0_source": "notes_fallback_naturalized",
  "f0_naturalized": true,
  "f0_raw_npy": "D:\\YiYuTongSheng\\data\\svs\\segments\\opencpop_2037_phrase_012.f0_raw.npy",
  "f0_natural_npy": "D:\\YiYuTongSheng\\data\\svs\\segments\\opencpop_2037_phrase_012.f0_natural.npy",
  "f0_raw_min": 195.99771118164062,
  "f0_raw_max": 329.6275634765625,
  "f0_raw_mean": 263.8298645019531,
  "f0_raw_std": 45.70904541015625,
  "f0_raw_has_nan": false,
  "f0_raw_has_inf": false,
  "f0_natural_min": 192.8276824951172,
  "f0_natural_max": 329.8205261230469,
  "f0_natural_mean": 263.7576599121094,
  "f0_natural_std": 45.2769889831543,
  "f0_natural_has_nan": false,
  "f0_natural_has_inf": false,
  "f0_min": 192.8276824951172,
  "f0_max": 329.8205261230469,
  "f0_mean": 263.7576599121094,
  "f0_std": 45.2769889831543,
  "f0_has_nan": false,
  "f0_has_inf": false,
  "f0_shape": [
    1,
    429
  ],
  "f0": {
    "min": 192.8276824951172,
    "max": 329.8205261230469,
    "mean": 263.7576599121094,
    "std": 45.2769889831543,
    "has_nan": false,
    "has_inf": false,
    "shape": [
      1,
      429
    ]
  },
  "vibrato_enabled": true,
  "transition_smoothing_ms": 50,
  "vibrato_rate_hz": 5.5,
  "vibrato_depth_cents": 15,
  "tail_fall_cents": 20,
  "jitter_cents": 2
}
