{
  "item_name": "opencpop_2014_phrase_021",
  "mel_npy": "D:\\YiYuTongSheng\\data\\svs\\segments\\opencpop_2014_phrase_021.mel.npy",
  "mel_min": -5.887928485870361,
  "mel_max": -0.6667351722717285,
  "mel_mean": -2.912100315093994,
  "mel_std": 0.7946057319641113,
  "mel_has_nan": false,
  "mel_has_inf": false,
  "mel_shape": [
    1,
    800,
    80
  ],
  "mel": {
    "min": -5.887928485870361,
    "max": -0.6667351722717285,
    "mean": -2.912100315093994,
    "std": 0.7946057319641113,
    "has_nan": false,
    "has_inf": false,
    "shape": [
      1,
      800,
      80
    ]
  },
  "f0_exists": true,
  "f0_source": "notes_fallback_naturalized",
  "f0_naturalized": true,
  "f0_raw_npy": "D:\\YiYuTongSheng\\data\\svs\\segments\\opencpop_2014_phrase_021.f0_raw.npy",
  "f0_natural_npy": "D:\\YiYuTongSheng\\data\\svs\\segments\\opencpop_2014_phrase_021.f0_natural.npy",
  "f0_raw_min": 261.6255798339844,
  "f0_raw_max": 349.2282409667969,
  "f0_raw_mean": 305.3692321777344,
  "f0_raw_std": 26.54822540283203,
  "f0_raw_has_nan": false,
  "f0_raw_has_inf": false,
  "f0_natural_min": 259.07806396484375,
  "f0_natural_max": 352.2086486816406,
  "f0_natural_mean": 305.3189697265625,
  "f0_natural_std": 26.48699951171875,
  "f0_natural_has_nan": false,
  "f0_natural_has_inf": false,
  "f0_min": 259.07806396484375,
  "f0_max": 352.2086486816406,
  "f0_mean": 305.3189697265625,
  "f0_std": 26.48699951171875,
  "f0_has_nan": false,
  "f0_has_inf": false,
  "f0_shape": [
    1,
    800
  ],
  "f0": {
    "min": 259.07806396484375,
    "max": 352.2086486816406,
    "mean": 305.3189697265625,
    "std": 26.48699951171875,
    "has_nan": false,
    "has_inf": false,
    "shape": [
      1,
      800
    ]
  },
  "vibrato_enabled": true,
  "transition_smoothing_ms": 50,
  "vibrato_rate_hz": 5.5,
  "vibrato_depth_cents": 15,
  "tail_fall_cents": 20,
  "jitter_cents": 2
}
