{
  "item_name": "opencpop_2001_phrase_020",
  "mel_npy": "D:\\YiYuTongSheng\\data\\svs\\segments\\opencpop_2001_phrase_020.mel.npy",
  "mel_min": -5.801438331604004,
  "mel_max": -0.6328272819519043,
  "mel_mean": -3.078145980834961,
  "mel_std": 0.8070452809333801,
  "mel_has_nan": false,
  "mel_has_inf": false,
  "mel_shape": [
    1,
    790,
    80
  ],
  "mel": {
    "min": -5.801438331604004,
    "max": -0.6328272819519043,
    "mean": -3.078145980834961,
    "std": 0.8070452809333801,
    "has_nan": false,
    "has_inf": false,
    "shape": [
      1,
      790,
      80
    ]
  },
  "f0_exists": true,
  "f0_source": "notes_fallback_naturalized",
  "f0_naturalized": true,
  "f0_raw_npy": "D:\\YiYuTongSheng\\data\\svs\\segments\\opencpop_2001_phrase_020.f0_raw.npy",
  "f0_natural_npy": "D:\\YiYuTongSheng\\data\\svs\\segments\\opencpop_2001_phrase_020.f0_natural.npy",
  "f0_raw_min": 329.6275634765625,
  "f0_raw_max": 440.0,
  "f0_raw_mean": 378.48223876953125,
  "f0_raw_std": 34.68999481201172,
  "f0_raw_has_nan": false,
  "f0_raw_has_inf": false,
  "f0_natural_min": 329.01739501953125,
  "f0_natural_max": 441.4554443359375,
  "f0_natural_mean": 378.4159851074219,
  "f0_natural_std": 34.281864166259766,
  "f0_natural_has_nan": false,
  "f0_natural_has_inf": false,
  "f0_min": 329.01739501953125,
  "f0_max": 441.4554443359375,
  "f0_mean": 378.4159851074219,
  "f0_std": 34.281864166259766,
  "f0_has_nan": false,
  "f0_has_inf": false,
  "f0_shape": [
    1,
    790
  ],
  "f0": {
    "min": 329.01739501953125,
    "max": 441.4554443359375,
    "mean": 378.4159851074219,
    "std": 34.281864166259766,
    "has_nan": false,
    "has_inf": false,
    "shape": [
      1,
      790
    ]
  },
  "vibrato_enabled": true,
  "transition_smoothing_ms": 50,
  "vibrato_rate_hz": 5.5,
  "vibrato_depth_cents": 15,
  "tail_fall_cents": 20,
  "jitter_cents": 2
}
