{
  "item_name": "opencpop_2001_phrase_009",
  "mel_npy": "D:\\YiYuTongSheng\\data\\svs\\segments\\opencpop_2001_phrase_009.mel.npy",
  "mel_min": -5.209835052490234,
  "mel_max": -0.46398115158081055,
  "mel_mean": -2.873279571533203,
  "mel_std": 0.7552770972251892,
  "mel_has_nan": false,
  "mel_has_inf": false,
  "mel_shape": [
    1,
    937,
    80
  ],
  "mel": {
    "min": -5.209835052490234,
    "max": -0.46398115158081055,
    "mean": -2.873279571533203,
    "std": 0.7552770972251892,
    "has_nan": false,
    "has_inf": false,
    "shape": [
      1,
      937,
      80
    ]
  },
  "f0_exists": true,
  "f0_source": "notes_fallback_naturalized",
  "f0_naturalized": true,
  "f0_raw_npy": "D:\\YiYuTongSheng\\data\\svs\\segments\\opencpop_2001_phrase_009.f0_raw.npy",
  "f0_natural_npy": "D:\\YiYuTongSheng\\data\\svs\\segments\\opencpop_2001_phrase_009.f0_natural.npy",
  "f0_raw_min": 329.6275634765625,
  "f0_raw_max": 554.365234375,
  "f0_raw_mean": 455.4909973144531,
  "f0_raw_std": 91.71829986572266,
  "f0_raw_has_nan": false,
  "f0_raw_has_inf": false,
  "f0_natural_min": 327.0824890136719,
  "f0_natural_max": 559.9841918945312,
  "f0_natural_mean": 455.3428955078125,
  "f0_natural_std": 91.40166473388672,
  "f0_natural_has_nan": false,
  "f0_natural_has_inf": false,
  "f0_min": 327.0824890136719,
  "f0_max": 559.9841918945312,
  "f0_mean": 455.3428955078125,
  "f0_std": 91.40166473388672,
  "f0_has_nan": false,
  "f0_has_inf": false,
  "f0_shape": [
    1,
    937
  ],
  "f0": {
    "min": 327.0824890136719,
    "max": 559.9841918945312,
    "mean": 455.3428955078125,
    "std": 91.40166473388672,
    "has_nan": false,
    "has_inf": false,
    "shape": [
      1,
      937
    ]
  },
  "vibrato_enabled": true,
  "transition_smoothing_ms": 50,
  "vibrato_rate_hz": 5.5,
  "vibrato_depth_cents": 15,
  "tail_fall_cents": 20,
  "jitter_cents": 2
}
