{
  "item_name": "opencpop_2041_phrase_020",
  "mel_npy": "D:\\YiYuTongSheng\\data\\svs\\segments\\opencpop_2041_phrase_020.mel.npy",
  "mel_min": -5.966613292694092,
  "mel_max": -0.4564485549926758,
  "mel_mean": -2.836594820022583,
  "mel_std": 0.8016100525856018,
  "mel_has_nan": false,
  "mel_has_inf": false,
  "mel_shape": [
    1,
    990,
    80
  ],
  "mel": {
    "min": -5.966613292694092,
    "max": -0.4564485549926758,
    "mean": -2.836594820022583,
    "std": 0.8016100525856018,
    "has_nan": false,
    "has_inf": false,
    "shape": [
      1,
      990,
      80
    ]
  },
  "f0_exists": true,
  "f0_source": "notes_fallback_naturalized",
  "f0_naturalized": true,
  "f0_raw_npy": "D:\\YiYuTongSheng\\data\\svs\\segments\\opencpop_2041_phrase_020.f0_raw.npy",
  "f0_natural_npy": "D:\\YiYuTongSheng\\data\\svs\\segments\\opencpop_2041_phrase_020.f0_natural.npy",
  "f0_raw_min": 233.08187866210938,
  "f0_raw_max": 466.16375732421875,
  "f0_raw_mean": 326.2892761230469,
  "f0_raw_std": 77.29183197021484,
  "f0_raw_has_nan": false,
  "f0_raw_has_inf": false,
  "f0_natural_min": 232.65042114257812,
  "f0_natural_max": 471.34478759765625,
  "f0_natural_mean": 326.2471008300781,
  "f0_natural_std": 76.88756561279297,
  "f0_natural_has_nan": false,
  "f0_natural_has_inf": false,
  "f0_min": 232.65042114257812,
  "f0_max": 471.34478759765625,
  "f0_mean": 326.2471008300781,
  "f0_std": 76.88756561279297,
  "f0_has_nan": false,
  "f0_has_inf": false,
  "f0_shape": [
    1,
    990
  ],
  "f0": {
    "min": 232.65042114257812,
    "max": 471.34478759765625,
    "mean": 326.2471008300781,
    "std": 76.88756561279297,
    "has_nan": false,
    "has_inf": false,
    "shape": [
      1,
      990
    ]
  },
  "vibrato_enabled": true,
  "transition_smoothing_ms": 50,
  "vibrato_rate_hz": 5.5,
  "vibrato_depth_cents": 15,
  "tail_fall_cents": 20,
  "jitter_cents": 2
}
