{
  "item_name": "opencpop_2001_phrase_018",
  "mel_npy": "D:\\YiYuTongSheng\\data\\svs\\segments\\opencpop_2001_phrase_018.mel.npy",
  "mel_min": -5.389237880706787,
  "mel_max": -0.6041412353515625,
  "mel_mean": -2.9361228942871094,
  "mel_std": 0.8054720163345337,
  "mel_has_nan": false,
  "mel_has_inf": false,
  "mel_shape": [
    1,
    768,
    80
  ],
  "mel": {
    "min": -5.389237880706787,
    "max": -0.6041412353515625,
    "mean": -2.9361228942871094,
    "std": 0.8054720163345337,
    "has_nan": false,
    "has_inf": false,
    "shape": [
      1,
      768,
      80
    ]
  },
  "f0_exists": true,
  "f0_source": "notes_fallback_naturalized",
  "f0_naturalized": true,
  "f0_raw_npy": "D:\\YiYuTongSheng\\data\\svs\\segments\\opencpop_2001_phrase_018.f0_raw.npy",
  "f0_natural_npy": "D:\\YiYuTongSheng\\data\\svs\\segments\\opencpop_2001_phrase_018.f0_natural.npy",
  "f0_raw_min": 246.941650390625,
  "f0_raw_max": 415.3046875,
  "f0_raw_mean": 314.5675964355469,
  "f0_raw_std": 72.93531036376953,
  "f0_raw_has_nan": false,
  "f0_raw_has_inf": false,
  "f0_natural_min": 244.65277099609375,
  "f0_natural_max": 419.18719482421875,
  "f0_natural_mean": 314.5130615234375,
  "f0_natural_std": 72.3182373046875,
  "f0_natural_has_nan": false,
  "f0_natural_has_inf": false,
  "f0_min": 244.65277099609375,
  "f0_max": 419.18719482421875,
  "f0_mean": 314.5130615234375,
  "f0_std": 72.3182373046875,
  "f0_has_nan": false,
  "f0_has_inf": false,
  "f0_shape": [
    1,
    768
  ],
  "f0": {
    "min": 244.65277099609375,
    "max": 419.18719482421875,
    "mean": 314.5130615234375,
    "std": 72.3182373046875,
    "has_nan": false,
    "has_inf": false,
    "shape": [
      1,
      768
    ]
  },
  "vibrato_enabled": true,
  "transition_smoothing_ms": 50,
  "vibrato_rate_hz": 5.5,
  "vibrato_depth_cents": 15,
  "tail_fall_cents": 20,
  "jitter_cents": 2
}
