{
  "item_name": "opencpop_2037_phrase_011",
  "mel_npy": "D:\\YiYuTongSheng\\data\\svs\\segments\\opencpop_2037_phrase_011.mel.npy",
  "mel_min": -5.204582214355469,
  "mel_max": -0.16243886947631836,
  "mel_mean": -2.5913846492767334,
  "mel_std": 0.7969409823417664,
  "mel_has_nan": false,
  "mel_has_inf": false,
  "mel_shape": [
    1,
    681,
    80
  ],
  "mel": {
    "min": -5.204582214355469,
    "max": -0.16243886947631836,
    "mean": -2.5913846492767334,
    "std": 0.7969409823417664,
    "has_nan": false,
    "has_inf": false,
    "shape": [
      1,
      681,
      80
    ]
  },
  "f0_exists": true,
  "f0_source": "notes_fallback_naturalized",
  "f0_naturalized": true,
  "f0_raw_npy": "D:\\YiYuTongSheng\\data\\svs\\segments\\opencpop_2037_phrase_011.f0_raw.npy",
  "f0_natural_npy": "D:\\YiYuTongSheng\\data\\svs\\segments\\opencpop_2037_phrase_011.f0_natural.npy",
  "f0_raw_min": 246.941650390625,
  "f0_raw_max": 440.0,
  "f0_raw_mean": 321.5442810058594,
  "f0_raw_std": 69.26594543457031,
  "f0_raw_has_nan": false,
  "f0_raw_has_inf": false,
  "f0_natural_min": 244.07351684570312,
  "f0_natural_max": 443.8527526855469,
  "f0_natural_mean": 321.6681213378906,
  "f0_natural_std": 69.22916412353516,
  "f0_natural_has_nan": false,
  "f0_natural_has_inf": false,
  "f0_min": 244.07351684570312,
  "f0_max": 443.8527526855469,
  "f0_mean": 321.6681213378906,
  "f0_std": 69.22916412353516,
  "f0_has_nan": false,
  "f0_has_inf": false,
  "f0_shape": [
    1,
    681
  ],
  "f0": {
    "min": 244.07351684570312,
    "max": 443.8527526855469,
    "mean": 321.6681213378906,
    "std": 69.22916412353516,
    "has_nan": false,
    "has_inf": false,
    "shape": [
      1,
      681
    ]
  },
  "vibrato_enabled": true,
  "transition_smoothing_ms": 50,
  "vibrato_rate_hz": 5.5,
  "vibrato_depth_cents": 15,
  "tail_fall_cents": 20,
  "jitter_cents": 2
}
