{
  "item_name": "opencpop_2014_phrase_001",
  "mel_npy": "D:\\YiYuTongSheng\\data\\svs\\segments\\opencpop_2014_phrase_001.mel.npy",
  "mel_min": -5.978646278381348,
  "mel_max": -0.6509804725646973,
  "mel_mean": -2.8342676162719727,
  "mel_std": 0.7737553119659424,
  "mel_has_nan": false,
  "mel_has_inf": false,
  "mel_shape": [
    1,
    1156,
    80
  ],
  "mel": {
    "min": -5.978646278381348,
    "max": -0.6509804725646973,
    "mean": -2.8342676162719727,
    "std": 0.7737553119659424,
    "has_nan": false,
    "has_inf": false,
    "shape": [
      1,
      1156,
      80
    ]
  },
  "f0_exists": true,
  "f0_source": "notes_fallback_naturalized",
  "f0_naturalized": true,
  "f0_raw_npy": "D:\\YiYuTongSheng\\data\\svs\\segments\\opencpop_2014_phrase_001.f0_raw.npy",
  "f0_natural_npy": "D:\\YiYuTongSheng\\data\\svs\\segments\\opencpop_2014_phrase_001.f0_natural.npy",
  "f0_raw_min": 311.1269836425781,
  "f0_raw_max": 415.3046875,
  "f0_raw_mean": 360.53973388671875,
  "f0_raw_std": 39.1984748840332,
  "f0_raw_has_nan": false,
  "f0_raw_has_inf": false,
  "f0_natural_min": 308.24395751953125,
  "f0_natural_max": 419.1217346191406,
  "f0_natural_mean": 360.54400634765625,
  "f0_natural_std": 39.08970260620117,
  "f0_natural_has_nan": false,
  "f0_natural_has_inf": false,
  "f0_min": 308.24395751953125,
  "f0_max": 419.1217346191406,
  "f0_mean": 360.54400634765625,
  "f0_std": 39.08970260620117,
  "f0_has_nan": false,
  "f0_has_inf": false,
  "f0_shape": [
    1,
    1156
  ],
  "f0": {
    "min": 308.24395751953125,
    "max": 419.1217346191406,
    "mean": 360.54400634765625,
    "std": 39.08970260620117,
    "has_nan": false,
    "has_inf": false,
    "shape": [
      1,
      1156
    ]
  },
  "vibrato_enabled": true,
  "transition_smoothing_ms": 50,
  "vibrato_rate_hz": 5.5,
  "vibrato_depth_cents": 15,
  "tail_fall_cents": 20,
  "jitter_cents": 2
}
