{
  "item_name": "opencpop_2037_phrase_001",
  "mel_npy": "D:\\YiYuTongSheng\\data\\svs\\segments\\opencpop_2037_phrase_001.mel.npy",
  "mel_min": -5.439949989318848,
  "mel_max": -0.4732017517089844,
  "mel_mean": -2.81596302986145,
  "mel_std": 0.7792736291885376,
  "mel_has_nan": false,
  "mel_has_inf": false,
  "mel_shape": [
    1,
    647,
    80
  ],
  "mel": {
    "min": -5.439949989318848,
    "max": -0.4732017517089844,
    "mean": -2.81596302986145,
    "std": 0.7792736291885376,
    "has_nan": false,
    "has_inf": false,
    "shape": [
      1,
      647,
      80
    ]
  },
  "f0_exists": true,
  "f0_source": "notes_fallback_naturalized",
  "f0_naturalized": true,
  "f0_raw_npy": "D:\\YiYuTongSheng\\data\\svs\\segments\\opencpop_2037_phrase_001.f0_raw.npy",
  "f0_natural_npy": "D:\\YiYuTongSheng\\data\\svs\\segments\\opencpop_2037_phrase_001.f0_natural.npy",
  "f0_raw_min": 220.0,
  "f0_raw_max": 261.6255798339844,
  "f0_raw_mean": 245.65968322753906,
  "f0_raw_std": 12.777511596679688,
  "f0_raw_has_nan": false,
  "f0_raw_has_inf": false,
  "f0_natural_min": 217.55751037597656,
  "f0_natural_max": 264.1843566894531,
  "f0_natural_mean": 245.6865997314453,
  "f0_natural_std": 12.750614166259766,
  "f0_natural_has_nan": false,
  "f0_natural_has_inf": false,
  "f0_min": 217.55751037597656,
  "f0_max": 264.1843566894531,
  "f0_mean": 245.6865997314453,
  "f0_std": 12.750614166259766,
  "f0_has_nan": false,
  "f0_has_inf": false,
  "f0_shape": [
    1,
    647
  ],
  "f0": {
    "min": 217.55751037597656,
    "max": 264.1843566894531,
    "mean": 245.6865997314453,
    "std": 12.750614166259766,
    "has_nan": false,
    "has_inf": false,
    "shape": [
      1,
      647
    ]
  },
  "vibrato_enabled": true,
  "transition_smoothing_ms": 50,
  "vibrato_rate_hz": 5.5,
  "vibrato_depth_cents": 15,
  "tail_fall_cents": 20,
  "jitter_cents": 2
}
