{
  "item_name": "opencpop_2041_phrase_007",
  "mel_npy": "D:\\YiYuTongSheng\\data\\svs\\segments\\opencpop_2041_phrase_007.mel.npy",
  "mel_min": -5.850950717926025,
  "mel_max": -0.6163034439086914,
  "mel_mean": -2.909571886062622,
  "mel_std": 0.7701825499534607,
  "mel_has_nan": false,
  "mel_has_inf": false,
  "mel_shape": [
    1,
    992,
    80
  ],
  "mel": {
    "min": -5.850950717926025,
    "max": -0.6163034439086914,
    "mean": -2.909571886062622,
    "std": 0.7701825499534607,
    "has_nan": false,
    "has_inf": false,
    "shape": [
      1,
      992,
      80
    ]
  },
  "f0_exists": true,
  "f0_source": "notes_fallback_naturalized",
  "f0_naturalized": true,
  "f0_raw_npy": "D:\\YiYuTongSheng\\data\\svs\\segments\\opencpop_2041_phrase_007.f0_raw.npy",
  "f0_natural_npy": "D:\\YiYuTongSheng\\data\\svs\\segments\\opencpop_2041_phrase_007.f0_natural.npy",
  "f0_raw_min": 195.99771118164062,
  "f0_raw_max": 466.16375732421875,
  "f0_raw_mean": 309.4385070800781,
  "f0_raw_std": 64.51811218261719,
  "f0_raw_has_nan": false,
  "f0_raw_has_inf": false,
  "f0_natural_min": 195.16537475585938,
  "f0_natural_max": 466.75274658203125,
  "f0_natural_mean": 309.3948974609375,
  "f0_natural_std": 64.20357513427734,
  "f0_natural_has_nan": false,
  "f0_natural_has_inf": false,
  "f0_min": 195.16537475585938,
  "f0_max": 466.75274658203125,
  "f0_mean": 309.3948974609375,
  "f0_std": 64.20357513427734,
  "f0_has_nan": false,
  "f0_has_inf": false,
  "f0_shape": [
    1,
    992
  ],
  "f0": {
    "min": 195.16537475585938,
    "max": 466.75274658203125,
    "mean": 309.3948974609375,
    "std": 64.20357513427734,
    "has_nan": false,
    "has_inf": false,
    "shape": [
      1,
      992
    ]
  },
  "vibrato_enabled": true,
  "transition_smoothing_ms": 50,
  "vibrato_rate_hz": 5.5,
  "vibrato_depth_cents": 15,
  "tail_fall_cents": 20,
  "jitter_cents": 2
}
