{
  "item_name": "opencpop_2014_phrase_022",
  "mel_npy": "D:\\YiYuTongSheng\\data\\svs\\segments\\opencpop_2014_phrase_022.mel.npy",
  "mel_min": -6.153652667999268,
  "mel_max": -0.5543332099914551,
  "mel_mean": -2.984445571899414,
  "mel_std": 0.8220644593238831,
  "mel_has_nan": false,
  "mel_has_inf": false,
  "mel_shape": [
    1,
    534,
    80
  ],
  "mel": {
    "min": -6.153652667999268,
    "max": -0.5543332099914551,
    "mean": -2.984445571899414,
    "std": 0.8220644593238831,
    "has_nan": false,
    "has_inf": false,
    "shape": [
      1,
      534,
      80
    ]
  },
  "f0_exists": true,
  "f0_source": "notes_fallback_naturalized",
  "f0_naturalized": true,
  "f0_raw_npy": "D:\\YiYuTongSheng\\data\\svs\\segments\\opencpop_2014_phrase_022.f0_raw.npy",
  "f0_natural_npy": "D:\\YiYuTongSheng\\data\\svs\\segments\\opencpop_2014_phrase_022.f0_natural.npy",
  "f0_raw_min": 261.6255798339844,
  "f0_raw_max": 415.3046875,
  "f0_raw_mean": 340.3086242675781,
  "f0_raw_std": 60.319664001464844,
  "f0_raw_has_nan": false,
  "f0_raw_has_inf": false,
  "f0_natural_min": 261.14129638671875,
  "f0_natural_max": 419.91162109375,
  "f0_natural_mean": 340.37322998046875,
  "f0_natural_std": 60.01264572143555,
  "f0_natural_has_nan": false,
  "f0_natural_has_inf": false,
  "f0_min": 261.14129638671875,
  "f0_max": 419.91162109375,
  "f0_mean": 340.37322998046875,
  "f0_std": 60.01264572143555,
  "f0_has_nan": false,
  "f0_has_inf": false,
  "f0_shape": [
    1,
    534
  ],
  "f0": {
    "min": 261.14129638671875,
    "max": 419.91162109375,
    "mean": 340.37322998046875,
    "std": 60.01264572143555,
    "has_nan": false,
    "has_inf": false,
    "shape": [
      1,
      534
    ]
  },
  "vibrato_enabled": true,
  "transition_smoothing_ms": 50,
  "vibrato_rate_hz": 5.5,
  "vibrato_depth_cents": 15,
  "tail_fall_cents": 20,
  "jitter_cents": 2
}
