{
  "item_name": "opencpop_2018_phrase_056",
  "mel_npy": "D:\\YiYuTongSheng\\data\\svs\\segments\\opencpop_2018_phrase_056.mel.npy",
  "mel_min": -5.415839672088623,
  "mel_max": -0.516751766204834,
  "mel_mean": -2.800719738006592,
  "mel_std": 0.7445532083511353,
  "mel_has_nan": false,
  "mel_has_inf": false,
  "mel_shape": [
    1,
    447,
    80
  ],
  "mel": {
    "min": -5.415839672088623,
    "max": -0.516751766204834,
    "mean": -2.800719738006592,
    "std": 0.7445532083511353,
    "has_nan": false,
    "has_inf": false,
    "shape": [
      1,
      447,
      80
    ]
  },
  "f0_exists": true,
  "f0_source": "notes_fallback_naturalized",
  "f0_naturalized": true,
  "f0_raw_npy": "D:\\YiYuTongSheng\\data\\svs\\segments\\opencpop_2018_phrase_056.f0_raw.npy",
  "f0_natural_npy": "D:\\YiYuTongSheng\\data\\svs\\segments\\opencpop_2018_phrase_056.f0_natural.npy",
  "f0_raw_min": 329.6275634765625,
  "f0_raw_max": 493.88330078125,
  "f0_raw_mean": 414.4258117675781,
  "f0_raw_std": 74.80718994140625,
  "f0_raw_has_nan": false,
  "f0_raw_has_inf": false,
  "f0_natural_min": 328.8139953613281,
  "f0_natural_max": 498.17181396484375,
  "f0_natural_mean": 414.3822937011719,
  "f0_natural_std": 74.43153381347656,
  "f0_natural_has_nan": false,
  "f0_natural_has_inf": false,
  "f0_min": 328.8139953613281,
  "f0_max": 498.17181396484375,
  "f0_mean": 414.3822937011719,
  "f0_std": 74.43153381347656,
  "f0_has_nan": false,
  "f0_has_inf": false,
  "f0_shape": [
    1,
    447
  ],
  "f0": {
    "min": 328.8139953613281,
    "max": 498.17181396484375,
    "mean": 414.3822937011719,
    "std": 74.43153381347656,
    "has_nan": false,
    "has_inf": false,
    "shape": [
      1,
      447
    ]
  },
  "vibrato_enabled": true,
  "transition_smoothing_ms": 50,
  "vibrato_rate_hz": 5.5,
  "vibrato_depth_cents": 15,
  "tail_fall_cents": 20,
  "jitter_cents": 2
}
