{
  "item_name": "opencpop_2037_phrase_021",
  "mel_npy": "D:\\YiYuTongSheng\\data\\svs\\segments\\opencpop_2037_phrase_021.mel.npy",
  "mel_min": -5.476995944976807,
  "mel_max": -0.24359655380249023,
  "mel_mean": -2.794682502746582,
  "mel_std": 0.7865114808082581,
  "mel_has_nan": false,
  "mel_has_inf": false,
  "mel_shape": [
    1,
    630,
    80
  ],
  "mel": {
    "min": -5.476995944976807,
    "max": -0.24359655380249023,
    "mean": -2.794682502746582,
    "std": 0.7865114808082581,
    "has_nan": false,
    "has_inf": false,
    "shape": [
      1,
      630,
      80
    ]
  },
  "f0_exists": true,
  "f0_source": "notes_fallback_naturalized",
  "f0_naturalized": true,
  "f0_raw_npy": "D:\\YiYuTongSheng\\data\\svs\\segments\\opencpop_2037_phrase_021.f0_raw.npy",
  "f0_natural_npy": "D:\\YiYuTongSheng\\data\\svs\\segments\\opencpop_2037_phrase_021.f0_natural.npy",
  "f0_raw_min": 220.0,
  "f0_raw_max": 261.6255798339844,
  "f0_raw_mean": 247.59185791015625,
  "f0_raw_std": 11.717161178588867,
  "f0_raw_has_nan": false,
  "f0_raw_has_inf": false,
  "f0_natural_min": 218.4544219970703,
  "f0_natural_max": 264.1590576171875,
  "f0_natural_mean": 247.6060791015625,
  "f0_natural_std": 11.725234985351562,
  "f0_natural_has_nan": false,
  "f0_natural_has_inf": false,
  "f0_min": 218.4544219970703,
  "f0_max": 264.1590576171875,
  "f0_mean": 247.6060791015625,
  "f0_std": 11.725234985351562,
  "f0_has_nan": false,
  "f0_has_inf": false,
  "f0_shape": [
    1,
    630
  ],
  "f0": {
    "min": 218.4544219970703,
    "max": 264.1590576171875,
    "mean": 247.6060791015625,
    "std": 11.725234985351562,
    "has_nan": false,
    "has_inf": false,
    "shape": [
      1,
      630
    ]
  },
  "vibrato_enabled": true,
  "transition_smoothing_ms": 50,
  "vibrato_rate_hz": 5.5,
  "vibrato_depth_cents": 15,
  "tail_fall_cents": 20,
  "jitter_cents": 2
}
