{
  "item_name": "opencpop_2001_phrase_012",
  "mel_npy": "D:\\YiYuTongSheng\\data\\svs\\segments\\opencpop_2001_phrase_012.mel.npy",
  "mel_min": -5.338503837585449,
  "mel_max": -0.6922388076782227,
  "mel_mean": -2.8702635765075684,
  "mel_std": 0.8020309209823608,
  "mel_has_nan": false,
  "mel_has_inf": false,
  "mel_shape": [
    1,
    831,
    80
  ],
  "mel": {
    "min": -5.338503837585449,
    "max": -0.6922388076782227,
    "mean": -2.8702635765075684,
    "std": 0.8020309209823608,
    "has_nan": false,
    "has_inf": false,
    "shape": [
      1,
      831,
      80
    ]
  },
  "f0_exists": true,
  "f0_source": "notes_fallback_naturalized",
  "f0_naturalized": true,
  "f0_raw_npy": "D:\\YiYuTongSheng\\data\\svs\\segments\\opencpop_2001_phrase_012.f0_raw.npy",
  "f0_natural_npy": "D:\\YiYuTongSheng\\data\\svs\\segments\\opencpop_2001_phrase_012.f0_natural.npy",
  "f0_raw_min": 311.1269836425781,
  "f0_raw_max": 493.88330078125,
  "f0_raw_mean": 380.8835754394531,
  "f0_raw_std": 70.15216827392578,
  "f0_raw_has_nan": false,
  "f0_raw_has_inf": false,
  "f0_natural_min": 308.34625244140625,
  "f0_natural_max": 495.5397033691406,
  "f0_natural_mean": 380.8604736328125,
  "f0_natural_std": 69.67436981201172,
  "f0_natural_has_nan": false,
  "f0_natural_has_inf": false,
  "f0_min": 308.34625244140625,
  "f0_max": 495.5397033691406,
  "f0_mean": 380.8604736328125,
  "f0_std": 69.67436981201172,
  "f0_has_nan": false,
  "f0_has_inf": false,
  "f0_shape": [
    1,
    831
  ],
  "f0": {
    "min": 308.34625244140625,
    "max": 495.5397033691406,
    "mean": 380.8604736328125,
    "std": 69.67436981201172,
    "has_nan": false,
    "has_inf": false,
    "shape": [
      1,
      831
    ]
  },
  "vibrato_enabled": true,
  "transition_smoothing_ms": 50,
  "vibrato_rate_hz": 5.5,
  "vibrato_depth_cents": 15,
  "tail_fall_cents": 20,
  "jitter_cents": 2
}
