{
  "item_name": "opencpop_2037_phrase_032",
  "mel_npy": "D:\\YiYuTongSheng\\data\\svs\\segments\\opencpop_2037_phrase_032.mel.npy",
  "mel_min": -5.718809604644775,
  "mel_max": -0.3833479881286621,
  "mel_mean": -2.545948028564453,
  "mel_std": 0.8117629289627075,
  "mel_has_nan": false,
  "mel_has_inf": false,
  "mel_shape": [
    1,
    749,
    80
  ],
  "mel": {
    "min": -5.718809604644775,
    "max": -0.3833479881286621,
    "mean": -2.545948028564453,
    "std": 0.8117629289627075,
    "has_nan": false,
    "has_inf": false,
    "shape": [
      1,
      749,
      80
    ]
  },
  "f0_exists": true,
  "f0_source": "notes_fallback_naturalized",
  "f0_naturalized": true,
  "f0_raw_npy": "D:\\YiYuTongSheng\\data\\svs\\segments\\opencpop_2037_phrase_032.f0_raw.npy",
  "f0_natural_npy": "D:\\YiYuTongSheng\\data\\svs\\segments\\opencpop_2037_phrase_032.f0_natural.npy",
  "f0_raw_min": 220.0,
  "f0_raw_max": 440.0,
  "f0_raw_mean": 291.00311279296875,
  "f0_raw_std": 72.24898529052734,
  "f0_raw_has_nan": false,
  "f0_raw_has_inf": false,
  "f0_natural_min": 216.6751708984375,
  "f0_natural_max": 443.7840270996094,
  "f0_natural_mean": 291.0488586425781,
  "f0_natural_std": 71.9627456665039,
  "f0_natural_has_nan": false,
  "f0_natural_has_inf": false,
  "f0_min": 216.6751708984375,
  "f0_max": 443.7840270996094,
  "f0_mean": 291.0488586425781,
  "f0_std": 71.9627456665039,
  "f0_has_nan": false,
  "f0_has_inf": false,
  "f0_shape": [
    1,
    749
  ],
  "f0": {
    "min": 216.6751708984375,
    "max": 443.7840270996094,
    "mean": 291.0488586425781,
    "std": 71.9627456665039,
    "has_nan": false,
    "has_inf": false,
    "shape": [
      1,
      749
    ]
  },
  "vibrato_enabled": true,
  "transition_smoothing_ms": 50,
  "vibrato_rate_hz": 5.5,
  "vibrato_depth_cents": 15,
  "tail_fall_cents": 20,
  "jitter_cents": 2
}
