{
  "item_name": "opencpop_2001_phrase_031",
  "mel_npy": "D:\\YiYuTongSheng\\data\\svs\\segments\\opencpop_2001_phrase_031.mel.npy",
  "mel_min": -5.7222113609313965,
  "mel_max": -0.7162680625915527,
  "mel_mean": -2.9135141372680664,
  "mel_std": 0.8074551820755005,
  "mel_has_nan": false,
  "mel_has_inf": false,
  "mel_shape": [
    1,
    1199,
    80
  ],
  "mel": {
    "min": -5.7222113609313965,
    "max": -0.7162680625915527,
    "mean": -2.9135141372680664,
    "std": 0.8074551820755005,
    "has_nan": false,
    "has_inf": false,
    "shape": [
      1,
      1199,
      80
    ]
  },
  "f0_exists": true,
  "f0_source": "notes_fallback_naturalized",
  "f0_naturalized": true,
  "f0_raw_npy": "D:\\YiYuTongSheng\\data\\svs\\segments\\opencpop_2001_phrase_031.f0_raw.npy",
  "f0_natural_npy": "D:\\YiYuTongSheng\\data\\svs\\segments\\opencpop_2001_phrase_031.f0_natural.npy",
  "f0_raw_min": 246.941650390625,
  "f0_raw_max": 369.9944152832031,
  "f0_raw_mean": 331.50897216796875,
  "f0_raw_std": 36.155853271484375,
  "f0_raw_has_nan": false,
  "f0_raw_has_inf": false,
  "f0_natural_min": 244.88934326171875,
  "f0_natural_max": 373.6343688964844,
  "f0_natural_mean": 331.482421875,
  "f0_natural_std": 35.926177978515625,
  "f0_natural_has_nan": false,
  "f0_natural_has_inf": false,
  "f0_min": 244.88934326171875,
  "f0_max": 373.6343688964844,
  "f0_mean": 331.482421875,
  "f0_std": 35.926177978515625,
  "f0_has_nan": false,
  "f0_has_inf": false,
  "f0_shape": [
    1,
    1199
  ],
  "f0": {
    "min": 244.88934326171875,
    "max": 373.6343688964844,
    "mean": 331.482421875,
    "std": 35.926177978515625,
    "has_nan": false,
    "has_inf": false,
    "shape": [
      1,
      1199
    ]
  },
  "vibrato_enabled": true,
  "transition_smoothing_ms": 50,
  "vibrato_rate_hz": 5.5,
  "vibrato_depth_cents": 15,
  "tail_fall_cents": 20,
  "jitter_cents": 2
}
