{
  "item_name": "opencpop_2037_phrase_031",
  "mel_npy": "D:\\YiYuTongSheng\\data\\svs\\segments\\opencpop_2037_phrase_031.mel.npy",
  "mel_min": -5.713535308837891,
  "mel_max": -0.3078441619873047,
  "mel_mean": -2.6966426372528076,
  "mel_std": 0.8135804533958435,
  "mel_has_nan": false,
  "mel_has_inf": false,
  "mel_shape": [
    1,
    786,
    80
  ],
  "mel": {
    "min": -5.713535308837891,
    "max": -0.3078441619873047,
    "mean": -2.6966426372528076,
    "std": 0.8135804533958435,
    "has_nan": false,
    "has_inf": false,
    "shape": [
      1,
      786,
      80
    ]
  },
  "f0_exists": true,
  "f0_source": "notes_fallback_naturalized",
  "f0_naturalized": true,
  "f0_raw_npy": "D:\\YiYuTongSheng\\data\\svs\\segments\\opencpop_2037_phrase_031.f0_raw.npy",
  "f0_natural_npy": "D:\\YiYuTongSheng\\data\\svs\\segments\\opencpop_2037_phrase_031.f0_natural.npy",
  "f0_raw_min": 220.0,
  "f0_raw_max": 369.9944152832031,
  "f0_raw_mean": 273.4610900878906,
  "f0_raw_std": 50.790565490722656,
  "f0_raw_has_nan": false,
  "f0_raw_has_inf": false,
  "f0_natural_min": 218.0676727294922,
  "f0_natural_max": 372.6395568847656,
  "f0_natural_mean": 273.4967956542969,
  "f0_natural_std": 50.74468994140625,
  "f0_natural_has_nan": false,
  "f0_natural_has_inf": false,
  "f0_min": 218.0676727294922,
  "f0_max": 372.6395568847656,
  "f0_mean": 273.4967956542969,
  "f0_std": 50.74468994140625,
  "f0_has_nan": false,
  "f0_has_inf": false,
  "f0_shape": [
    1,
    786
  ],
  "f0": {
    "min": 218.0676727294922,
    "max": 372.6395568847656,
    "mean": 273.4967956542969,
    "std": 50.74468994140625,
    "has_nan": false,
    "has_inf": false,
    "shape": [
      1,
      786
    ]
  },
  "vibrato_enabled": true,
  "transition_smoothing_ms": 50,
  "vibrato_rate_hz": 5.5,
  "vibrato_depth_cents": 15,
  "tail_fall_cents": 20,
  "jitter_cents": 2
}
