{
  "item_name": "opencpop_2001_phrase_030",
  "mel_npy": "D:\\YiYuTongSheng\\data\\svs\\segments\\opencpop_2001_phrase_030.mel.npy",
  "mel_min": -5.974754333496094,
  "mel_max": -0.49918031692504883,
  "mel_mean": -3.0164847373962402,
  "mel_std": 0.7707008123397827,
  "mel_has_nan": false,
  "mel_has_inf": false,
  "mel_shape": [
    1,
    1037,
    80
  ],
  "mel": {
    "min": -5.974754333496094,
    "max": -0.49918031692504883,
    "mean": -3.0164847373962402,
    "std": 0.7707008123397827,
    "has_nan": false,
    "has_inf": false,
    "shape": [
      1,
      1037,
      80
    ]
  },
  "f0_exists": true,
  "f0_source": "notes_fallback_naturalized",
  "f0_naturalized": true,
  "f0_raw_npy": "D:\\YiYuTongSheng\\data\\svs\\segments\\opencpop_2001_phrase_030.f0_raw.npy",
  "f0_natural_npy": "D:\\YiYuTongSheng\\data\\svs\\segments\\opencpop_2001_phrase_030.f0_natural.npy",
  "f0_raw_min": 184.99720764160156,
  "f0_raw_max": 329.6275634765625,
  "f0_raw_mean": 258.4644470214844,
  "f0_raw_std": 51.556365966796875,
  "f0_raw_has_nan": false,
  "f0_raw_has_inf": false,
  "f0_natural_min": 183.2890167236328,
  "f0_natural_max": 332.73675537109375,
  "f0_natural_mean": 258.42755126953125,
  "f0_natural_std": 51.30141830444336,
  "f0_natural_has_nan": false,
  "f0_natural_has_inf": false,
  "f0_min": 183.2890167236328,
  "f0_max": 332.73675537109375,
  "f0_mean": 258.42755126953125,
  "f0_std": 51.30141830444336,
  "f0_has_nan": false,
  "f0_has_inf": false,
  "f0_shape": [
    1,
    1037
  ],
  "f0": {
    "min": 183.2890167236328,
    "max": 332.73675537109375,
    "mean": 258.42755126953125,
    "std": 51.30141830444336,
    "has_nan": false,
    "has_inf": false,
    "shape": [
      1,
      1037
    ]
  },
  "vibrato_enabled": true,
  "transition_smoothing_ms": 50,
  "vibrato_rate_hz": 5.5,
  "vibrato_depth_cents": 15,
  "tail_fall_cents": 20,
  "jitter_cents": 2
}
