{
  "item_name": "opencpop_2001_phrase_026",
  "mel_npy": "D:\\YiYuTongSheng\\data\\svs\\segments\\opencpop_2001_phrase_026.mel.npy",
  "mel_min": -5.754096508026123,
  "mel_max": -0.5391063690185547,
  "mel_mean": -2.8617231845855713,
  "mel_std": 0.8007221221923828,
  "mel_has_nan": false,
  "mel_has_inf": false,
  "mel_shape": [
    1,
    769,
    80
  ],
  "mel": {
    "min": -5.754096508026123,
    "max": -0.5391063690185547,
    "mean": -2.8617231845855713,
    "std": 0.8007221221923828,
    "has_nan": false,
    "has_inf": false,
    "shape": [
      1,
      769,
      80
    ]
  },
  "f0_exists": true,
  "f0_source": "notes_fallback_naturalized",
  "f0_naturalized": true,
  "f0_raw_npy": "D:\\YiYuTongSheng\\data\\svs\\segments\\opencpop_2001_phrase_026.f0_raw.npy",
  "f0_natural_npy": "D:\\YiYuTongSheng\\data\\svs\\segments\\opencpop_2001_phrase_026.f0_natural.npy",
  "f0_raw_min": 311.1269836425781,
  "f0_raw_max": 493.88330078125,
  "f0_raw_mean": 392.0653381347656,
  "f0_raw_std": 72.90587615966797,
  "f0_raw_has_nan": false,
  "f0_raw_has_inf": false,
  "f0_natural_min": 306.7156677246094,
  "f0_natural_max": 494.8722839355469,
  "f0_natural_mean": 392.04974365234375,
  "f0_natural_std": 72.57173156738281,
  "f0_natural_has_nan": false,
  "f0_natural_has_inf": false,
  "f0_min": 306.7156677246094,
  "f0_max": 494.8722839355469,
  "f0_mean": 392.04974365234375,
  "f0_std": 72.57173156738281,
  "f0_has_nan": false,
  "f0_has_inf": false,
  "f0_shape": [
    1,
    769
  ],
  "f0": {
    "min": 306.7156677246094,
    "max": 494.8722839355469,
    "mean": 392.04974365234375,
    "std": 72.57173156738281,
    "has_nan": false,
    "has_inf": false,
    "shape": [
      1,
      769
    ]
  },
  "vibrato_enabled": true,
  "transition_smoothing_ms": 50,
  "vibrato_rate_hz": 5.5,
  "vibrato_depth_cents": 15,
  "tail_fall_cents": 20,
  "jitter_cents": 2
}
