{
  "item_name": "opencpop_2001_phrase_011",
  "mel_npy": "D:\\YiYuTongSheng\\data\\svs\\segments\\opencpop_2001_phrase_011.mel.npy",
  "mel_min": -5.507985591888428,
  "mel_max": -0.4176597595214844,
  "mel_mean": -2.8576509952545166,
  "mel_std": 0.7978266477584839,
  "mel_has_nan": false,
  "mel_has_inf": false,
  "mel_shape": [
    1,
    1063,
    80
  ],
  "mel": {
    "min": -5.507985591888428,
    "max": -0.4176597595214844,
    "mean": -2.8576509952545166,
    "std": 0.7978266477584839,
    "has_nan": false,
    "has_inf": false,
    "shape": [
      1,
      1063,
      80
    ]
  },
  "f0_exists": true,
  "f0_source": "notes_fallback_naturalized",
  "f0_naturalized": true,
  "f0_raw_npy": "D:\\YiYuTongSheng\\data\\svs\\segments\\opencpop_2001_phrase_011.f0_raw.npy",
  "f0_natural_npy": "D:\\YiYuTongSheng\\data\\svs\\segments\\opencpop_2001_phrase_011.f0_natural.npy",
  "f0_raw_min": 277.1826171875,
  "f0_raw_max": 493.88330078125,
  "f0_raw_mean": 384.20672607421875,
  "f0_raw_std": 68.60224151611328,
  "f0_raw_has_nan": false,
  "f0_raw_has_inf": false,
  "f0_natural_min": 274.602294921875,
  "f0_natural_max": 494.8690490722656,
  "f0_natural_mean": 384.2043762207031,
  "f0_natural_std": 68.1595458984375,
  "f0_natural_has_nan": false,
  "f0_natural_has_inf": false,
  "f0_min": 274.602294921875,
  "f0_max": 494.8690490722656,
  "f0_mean": 384.2043762207031,
  "f0_std": 68.1595458984375,
  "f0_has_nan": false,
  "f0_has_inf": false,
  "f0_shape": [
    1,
    1063
  ],
  "f0": {
    "min": 274.602294921875,
    "max": 494.8690490722656,
    "mean": 384.2043762207031,
    "std": 68.1595458984375,
    "has_nan": false,
    "has_inf": false,
    "shape": [
      1,
      1063
    ]
  },
  "vibrato_enabled": true,
  "transition_smoothing_ms": 50,
  "vibrato_rate_hz": 5.5,
  "vibrato_depth_cents": 15,
  "tail_fall_cents": 20,
  "jitter_cents": 2
}
