{
  "item_name": "opencpop_2018_phrase_051",
  "mel_npy": "D:\\YiYuTongSheng\\data\\svs\\segments\\opencpop_2018_phrase_051.mel.npy",
  "mel_min": -5.789890289306641,
  "mel_max": -0.7578668594360352,
  "mel_mean": -3.0041072368621826,
  "mel_std": 0.762699544429779,
  "mel_has_nan": false,
  "mel_has_inf": false,
  "mel_shape": [
    1,
    542,
    80
  ],
  "mel": {
    "min": -5.789890289306641,
    "max": -0.7578668594360352,
    "mean": -3.0041072368621826,
    "std": 0.762699544429779,
    "has_nan": false,
    "has_inf": false,
    "shape": [
      1,
      542,
      80
    ]
  },
  "f0_exists": true,
  "f0_source": "notes_fallback_naturalized",
  "f0_naturalized": true,
  "f0_raw_npy": "D:\\YiYuTongSheng\\data\\svs\\segments\\opencpop_2018_phrase_051.f0_raw.npy",
  "f0_natural_npy": "D:\\YiYuTongSheng\\data\\svs\\segments\\opencpop_2018_phrase_051.f0_natural.npy",
  "f0_raw_min": 293.6647644042969,
  "f0_raw_max": 440.0,
  "f0_raw_mean": 375.2132568359375,
  "f0_raw_std": 48.44226837158203,
  "f0_raw_has_nan": false,
  "f0_raw_has_inf": false,
  "f0_natural_min": 293.12115478515625,
  "f0_natural_max": 444.2799987792969,
  "f0_natural_mean": 375.1668701171875,
  "f0_natural_std": 48.1878662109375,
  "f0_natural_has_nan": false,
  "f0_natural_has_inf": false,
  "f0_min": 293.12115478515625,
  "f0_max": 444.2799987792969,
  "f0_mean": 375.1668701171875,
  "f0_std": 48.1878662109375,
  "f0_has_nan": false,
  "f0_has_inf": false,
  "f0_shape": [
    1,
    542
  ],
  "f0": {
    "min": 293.12115478515625,
    "max": 444.2799987792969,
    "mean": 375.1668701171875,
    "std": 48.1878662109375,
    "has_nan": false,
    "has_inf": false,
    "shape": [
      1,
      542
    ]
  },
  "vibrato_enabled": true,
  "transition_smoothing_ms": 50,
  "vibrato_rate_hz": 5.5,
  "vibrato_depth_cents": 15,
  "tail_fall_cents": 20,
  "jitter_cents": 2
}
