{
  "item_name": "opencpop_2018_phrase_053",
  "mel_npy": "D:\\YiYuTongSheng\\data\\svs\\segments\\opencpop_2018_phrase_053.mel.npy",
  "mel_min": -5.437700271606445,
  "mel_max": -0.4903435707092285,
  "mel_mean": -2.904332399368286,
  "mel_std": 0.7634697556495667,
  "mel_has_nan": false,
  "mel_has_inf": false,
  "mel_shape": [
    1,
    987,
    80
  ],
  "mel": {
    "min": -5.437700271606445,
    "max": -0.4903435707092285,
    "mean": -2.904332399368286,
    "std": 0.7634697556495667,
    "has_nan": false,
    "has_inf": false,
    "shape": [
      1,
      987,
      80
    ]
  },
  "f0_exists": true,
  "f0_source": "notes_fallback_naturalized",
  "f0_naturalized": true,
  "f0_raw_npy": "D:\\YiYuTongSheng\\data\\svs\\segments\\opencpop_2018_phrase_053.f0_raw.npy",
  "f0_natural_npy": "D:\\YiYuTongSheng\\data\\svs\\segments\\opencpop_2018_phrase_053.f0_natural.npy",
  "f0_raw_min": 277.1826171875,
  "f0_raw_max": 554.365234375,
  "f0_raw_mean": 411.3100891113281,
  "f0_raw_std": 88.889404296875,
  "f0_raw_has_nan": false,
  "f0_raw_has_inf": false,
  "f0_natural_min": 276.49383544921875,
  "f0_natural_max": 559.1441650390625,
  "f0_natural_mean": 411.2251892089844,
  "f0_natural_std": 88.48160552978516,
  "f0_natural_has_nan": false,
  "f0_natural_has_inf": false,
  "f0_min": 276.49383544921875,
  "f0_max": 559.1441650390625,
  "f0_mean": 411.2251892089844,
  "f0_std": 88.48160552978516,
  "f0_has_nan": false,
  "f0_has_inf": false,
  "f0_shape": [
    1,
    987
  ],
  "f0": {
    "min": 276.49383544921875,
    "max": 559.1441650390625,
    "mean": 411.2251892089844,
    "std": 88.48160552978516,
    "has_nan": false,
    "has_inf": false,
    "shape": [
      1,
      987
    ]
  },
  "vibrato_enabled": true,
  "transition_smoothing_ms": 50,
  "vibrato_rate_hz": 5.5,
  "vibrato_depth_cents": 15,
  "tail_fall_cents": 20,
  "jitter_cents": 2
}
