{
  "item_name": "opencpop_2018_phrase_039",
  "mel_npy": "D:\\YiYuTongSheng\\data\\svs\\segments\\opencpop_2018_phrase_039.mel.npy",
  "mel_min": -6.0467939376831055,
  "mel_max": -0.6025118827819824,
  "mel_mean": -3.0199291706085205,
  "mel_std": 0.8348241448402405,
  "mel_has_nan": false,
  "mel_has_inf": false,
  "mel_shape": [
    1,
    747,
    80
  ],
  "mel": {
    "min": -6.0467939376831055,
    "max": -0.6025118827819824,
    "mean": -3.0199291706085205,
    "std": 0.8348241448402405,
    "has_nan": false,
    "has_inf": false,
    "shape": [
      1,
      747,
      80
    ]
  },
  "f0_exists": true,
  "f0_source": "notes_fallback_naturalized",
  "f0_naturalized": true,
  "f0_raw_npy": "D:\\YiYuTongSheng\\data\\svs\\segments\\opencpop_2018_phrase_039.f0_raw.npy",
  "f0_natural_npy": "D:\\YiYuTongSheng\\data\\svs\\segments\\opencpop_2018_phrase_039.f0_natural.npy",
  "f0_raw_min": 277.1826171875,
  "f0_raw_max": 415.3046875,
  "f0_raw_mean": 317.6318664550781,
  "f0_raw_std": 47.05617141723633,
  "f0_raw_has_nan": false,
  "f0_raw_has_inf": false,
  "f0_natural_min": 272.9726257324219,
  "f0_natural_max": 418.91009521484375,
  "f0_natural_mean": 317.6033630371094,
  "f0_natural_std": 46.96223449707031,
  "f0_natural_has_nan": false,
  "f0_natural_has_inf": false,
  "f0_min": 272.9726257324219,
  "f0_max": 418.91009521484375,
  "f0_mean": 317.6033630371094,
  "f0_std": 46.96223449707031,
  "f0_has_nan": false,
  "f0_has_inf": false,
  "f0_shape": [
    1,
    747
  ],
  "f0": {
    "min": 272.9726257324219,
    "max": 418.91009521484375,
    "mean": 317.6033630371094,
    "std": 46.96223449707031,
    "has_nan": false,
    "has_inf": false,
    "shape": [
      1,
      747
    ]
  },
  "vibrato_enabled": true,
  "transition_smoothing_ms": 50,
  "vibrato_rate_hz": 5.5,
  "vibrato_depth_cents": 15,
  "tail_fall_cents": 20,
  "jitter_cents": 2
}
