{
  "item_name": "opencpop_2018_phrase_059",
  "mel_npy": "D:\\YiYuTongSheng\\data\\svs\\segments\\opencpop_2018_phrase_059.mel.npy",
  "mel_min": -5.402571201324463,
  "mel_max": -0.35646581649780273,
  "mel_mean": -2.8712282180786133,
  "mel_std": 0.759539008140564,
  "mel_has_nan": false,
  "mel_has_inf": false,
  "mel_shape": [
    1,
    956,
    80
  ],
  "mel": {
    "min": -5.402571201324463,
    "max": -0.35646581649780273,
    "mean": -2.8712282180786133,
    "std": 0.759539008140564,
    "has_nan": false,
    "has_inf": false,
    "shape": [
      1,
      956,
      80
    ]
  },
  "f0_exists": true,
  "f0_source": "notes_fallback_naturalized",
  "f0_naturalized": true,
  "f0_raw_npy": "D:\\YiYuTongSheng\\data\\svs\\segments\\opencpop_2018_phrase_059.f0_raw.npy",
  "f0_natural_npy": "D:\\YiYuTongSheng\\data\\svs\\segments\\opencpop_2018_phrase_059.f0_natural.npy",
  "f0_raw_min": 277.1826171875,
  "f0_raw_max": 554.365234375,
  "f0_raw_mean": 412.00372314453125,
  "f0_raw_std": 91.1446762084961,
  "f0_raw_has_nan": false,
  "f0_raw_has_inf": false,
  "f0_natural_min": 276.493896484375,
  "f0_natural_max": 559.134033203125,
  "f0_natural_mean": 411.92498779296875,
  "f0_natural_std": 90.76380157470703,
  "f0_natural_has_nan": false,
  "f0_natural_has_inf": false,
  "f0_min": 276.493896484375,
  "f0_max": 559.134033203125,
  "f0_mean": 411.92498779296875,
  "f0_std": 90.76380157470703,
  "f0_has_nan": false,
  "f0_has_inf": false,
  "f0_shape": [
    1,
    956
  ],
  "f0": {
    "min": 276.493896484375,
    "max": 559.134033203125,
    "mean": 411.92498779296875,
    "std": 90.76380157470703,
    "has_nan": false,
    "has_inf": false,
    "shape": [
      1,
      956
    ]
  },
  "vibrato_enabled": true,
  "transition_smoothing_ms": 50,
  "vibrato_rate_hz": 5.5,
  "vibrato_depth_cents": 15,
  "tail_fall_cents": 20,
  "jitter_cents": 2
}
