{
  "item_name": "opencpop_2018_phrase_047",
  "mel_npy": "D:\\YiYuTongSheng\\data\\svs\\segments\\opencpop_2018_phrase_047.mel.npy",
  "mel_min": -5.946813106536865,
  "mel_max": -0.3147573471069336,
  "mel_mean": -2.9492604732513428,
  "mel_std": 0.7865068316459656,
  "mel_has_nan": false,
  "mel_has_inf": false,
  "mel_shape": [
    1,
    1197,
    80
  ],
  "mel": {
    "min": -5.946813106536865,
    "max": -0.3147573471069336,
    "mean": -2.9492604732513428,
    "std": 0.7865068316459656,
    "has_nan": false,
    "has_inf": false,
    "shape": [
      1,
      1197,
      80
    ]
  },
  "f0_exists": true,
  "f0_source": "notes_fallback_naturalized",
  "f0_naturalized": true,
  "f0_raw_npy": "D:\\YiYuTongSheng\\data\\svs\\segments\\opencpop_2018_phrase_047.f0_raw.npy",
  "f0_natural_npy": "D:\\YiYuTongSheng\\data\\svs\\segments\\opencpop_2018_phrase_047.f0_natural.npy",
  "f0_raw_min": 277.1826171875,
  "f0_raw_max": 554.365234375,
  "f0_raw_mean": 426.8472595214844,
  "f0_raw_std": 85.82350158691406,
  "f0_raw_has_nan": false,
  "f0_raw_has_inf": false,
  "f0_natural_min": 276.4949645996094,
  "f0_natural_max": 559.1253662109375,
  "f0_natural_mean": 426.7818908691406,
  "f0_natural_std": 85.4995346069336,
  "f0_natural_has_nan": false,
  "f0_natural_has_inf": false,
  "f0_min": 276.4949645996094,
  "f0_max": 559.1253662109375,
  "f0_mean": 426.7818908691406,
  "f0_std": 85.4995346069336,
  "f0_has_nan": false,
  "f0_has_inf": false,
  "f0_shape": [
    1,
    1197
  ],
  "f0": {
    "min": 276.4949645996094,
    "max": 559.1253662109375,
    "mean": 426.7818908691406,
    "std": 85.4995346069336,
    "has_nan": false,
    "has_inf": false,
    "shape": [
      1,
      1197
    ]
  },
  "vibrato_enabled": true,
  "transition_smoothing_ms": 50,
  "vibrato_rate_hz": 5.5,
  "vibrato_depth_cents": 15,
  "tail_fall_cents": 20,
  "jitter_cents": 2
}
