{
  "item_name": "opencpop_2037_phrase_019",
  "mel_npy": "D:\\YiYuTongSheng\\data\\svs\\segments\\opencpop_2037_phrase_019.mel.npy",
  "mel_min": -6.034790515899658,
  "mel_max": -0.5017495155334473,
  "mel_mean": -2.881983757019043,
  "mel_std": 0.8234326839447021,
  "mel_has_nan": false,
  "mel_has_inf": false,
  "mel_shape": [
    1,
    682,
    80
  ],
  "mel": {
    "min": -6.034790515899658,
    "max": -0.5017495155334473,
    "mean": -2.881983757019043,
    "std": 0.8234326839447021,
    "has_nan": false,
    "has_inf": false,
    "shape": [
      1,
      682,
      80
    ]
  },
  "f0_exists": true,
  "f0_source": "notes_fallback_naturalized",
  "f0_naturalized": true,
  "f0_raw_npy": "D:\\YiYuTongSheng\\data\\svs\\segments\\opencpop_2037_phrase_019.f0_raw.npy",
  "f0_natural_npy": "D:\\YiYuTongSheng\\data\\svs\\segments\\opencpop_2037_phrase_019.f0_natural.npy",
  "f0_raw_min": 195.99771118164062,
  "f0_raw_max": 261.6255798339844,
  "f0_raw_mean": 229.3827667236328,
  "f0_raw_std": 26.16620445251465,
  "f0_raw_has_nan": false,
  "f0_raw_has_inf": false,
  "f0_natural_min": 193.33837890625,
  "f0_natural_max": 264.6290588378906,
  "f0_natural_mean": 229.40902709960938,
  "f0_natural_std": 26.132816314697266,
  "f0_natural_has_nan": false,
  "f0_natural_has_inf": false,
  "f0_min": 193.33837890625,
  "f0_max": 264.6290588378906,
  "f0_mean": 229.40902709960938,
  "f0_std": 26.132816314697266,
  "f0_has_nan": false,
  "f0_has_inf": false,
  "f0_shape": [
    1,
    682
  ],
  "f0": {
    "min": 193.33837890625,
    "max": 264.6290588378906,
    "mean": 229.40902709960938,
    "std": 26.132816314697266,
    "has_nan": false,
    "has_inf": false,
    "shape": [
      1,
      682
    ]
  },
  "vibrato_enabled": true,
  "transition_smoothing_ms": 50,
  "vibrato_rate_hz": 5.5,
  "vibrato_depth_cents": 15,
  "tail_fall_cents": 20,
  "jitter_cents": 2
}
