{
  "item_name": "opencpop_2018_phrase_040",
  "mel_npy": "D:\\YiYuTongSheng\\data\\svs\\segments\\opencpop_2018_phrase_040.mel.npy",
  "mel_min": -6.227736949920654,
  "mel_max": -0.6477875709533691,
  "mel_mean": -2.8317480087280273,
  "mel_std": 0.7723668217658997,
  "mel_has_nan": false,
  "mel_has_inf": false,
  "mel_shape": [
    1,
    968,
    80
  ],
  "mel": {
    "min": -6.227736949920654,
    "max": -0.6477875709533691,
    "mean": -2.8317480087280273,
    "std": 0.7723668217658997,
    "has_nan": false,
    "has_inf": false,
    "shape": [
      1,
      968,
      80
    ]
  },
  "f0_exists": true,
  "f0_source": "notes_fallback_naturalized",
  "f0_naturalized": true,
  "f0_raw_npy": "D:\\YiYuTongSheng\\data\\svs\\segments\\opencpop_2018_phrase_040.f0_raw.npy",
  "f0_natural_npy": "D:\\YiYuTongSheng\\data\\svs\\segments\\opencpop_2018_phrase_040.f0_natural.npy",
  "f0_raw_min": 220.0,
  "f0_raw_max": 440.0,
  "f0_raw_mean": 348.9359436035156,
  "f0_raw_std": 66.96805572509766,
  "f0_raw_has_nan": false,
  "f0_raw_has_inf": false,
  "f0_natural_min": 217.18923950195312,
  "f0_natural_max": 440.346435546875,
  "f0_natural_mean": 348.9156799316406,
  "f0_natural_std": 66.67172241210938,
  "f0_natural_has_nan": false,
  "f0_natural_has_inf": false,
  "f0_min": 217.18923950195312,
  "f0_max": 440.346435546875,
  "f0_mean": 348.9156799316406,
  "f0_std": 66.67172241210938,
  "f0_has_nan": false,
  "f0_has_inf": false,
  "f0_shape": [
    1,
    968
  ],
  "f0": {
    "min": 217.18923950195312,
    "max": 440.346435546875,
    "mean": 348.9156799316406,
    "std": 66.67172241210938,
    "has_nan": false,
    "has_inf": false,
    "shape": [
      1,
      968
    ]
  },
  "vibrato_enabled": true,
  "transition_smoothing_ms": 50,
  "vibrato_rate_hz": 5.5,
  "vibrato_depth_cents": 15,
  "tail_fall_cents": 20,
  "jitter_cents": 2
}
