{
  "item_name": "opencpop_2001_phrase_029",
  "mel_npy": "D:\\YiYuTongSheng\\data\\svs\\segments\\opencpop_2001_phrase_029.mel.npy",
  "mel_min": -5.982196807861328,
  "mel_max": -0.6542868614196777,
  "mel_mean": -2.89607310295105,
  "mel_std": 0.7935115098953247,
  "mel_has_nan": false,
  "mel_has_inf": false,
  "mel_shape": [
    1,
    855,
    80
  ],
  "mel": {
    "min": -5.982196807861328,
    "max": -0.6542868614196777,
    "mean": -2.89607310295105,
    "std": 0.7935115098953247,
    "has_nan": false,
    "has_inf": false,
    "shape": [
      1,
      855,
      80
    ]
  },
  "f0_exists": true,
  "f0_source": "notes_fallback_naturalized",
  "f0_naturalized": true,
  "f0_raw_npy": "D:\\YiYuTongSheng\\data\\svs\\segments\\opencpop_2001_phrase_029.f0_raw.npy",
  "f0_natural_npy": "D:\\YiYuTongSheng\\data\\svs\\segments\\opencpop_2001_phrase_029.f0_natural.npy",
  "f0_raw_min": 246.941650390625,
  "f0_raw_max": 329.6275634765625,
  "f0_raw_mean": 301.62518310546875,
  "f0_raw_std": 27.568161010742188,
  "f0_raw_has_nan": false,
  "f0_raw_has_inf": false,
  "f0_natural_min": 244.79086303710938,
  "f0_natural_max": 332.3402404785156,
  "f0_natural_mean": 301.60394287109375,
  "f0_natural_std": 27.281848907470703,
  "f0_natural_has_nan": false,
  "f0_natural_has_inf": false,
  "f0_min": 244.79086303710938,
  "f0_max": 332.3402404785156,
  "f0_mean": 301.60394287109375,
  "f0_std": 27.281848907470703,
  "f0_has_nan": false,
  "f0_has_inf": false,
  "f0_shape": [
    1,
    855
  ],
  "f0": {
    "min": 244.79086303710938,
    "max": 332.3402404785156,
    "mean": 301.60394287109375,
    "std": 27.281848907470703,
    "has_nan": false,
    "has_inf": false,
    "shape": [
      1,
      855
    ]
  },
  "vibrato_enabled": true,
  "transition_smoothing_ms": 50,
  "vibrato_rate_hz": 5.5,
  "vibrato_depth_cents": 15,
  "tail_fall_cents": 20,
  "jitter_cents": 2
}
