{
  "item_name": "opencpop_2037_phrase_041",
  "mel_npy": "D:\\YiYuTongSheng\\data\\svs\\segments\\opencpop_2037_phrase_041.mel.npy",
  "mel_min": -5.228659152984619,
  "mel_max": -0.095367431640625,
  "mel_mean": -2.589799642562866,
  "mel_std": 0.8123506903648376,
  "mel_has_nan": false,
  "mel_has_inf": false,
  "mel_shape": [
    1,
    676,
    80
  ],
  "mel": {
    "min": -5.228659152984619,
    "max": -0.095367431640625,
    "mean": -2.589799642562866,
    "std": 0.8123506903648376,
    "has_nan": false,
    "has_inf": false,
    "shape": [
      1,
      676,
      80
    ]
  },
  "f0_exists": true,
  "f0_source": "notes_fallback_naturalized",
  "f0_naturalized": true,
  "f0_raw_npy": "D:\\YiYuTongSheng\\data\\svs\\segments\\opencpop_2037_phrase_041.f0_raw.npy",
  "f0_natural_npy": "D:\\YiYuTongSheng\\data\\svs\\segments\\opencpop_2037_phrase_041.f0_natural.npy",
  "f0_raw_min": 391.99542236328125,
  "f0_raw_max": 466.16375732421875,
  "f0_raw_mean": 441.33001708984375,
  "f0_raw_std": 30.790918350219727,
  "f0_raw_has_nan": false,
  "f0_raw_has_inf": false,
  "f0_natural_min": 388.7240905761719,
  "f0_natural_max": 470.77020263671875,
  "f0_natural_mean": 441.33416748046875,
  "f0_natural_std": 30.46876335144043,
  "f0_natural_has_nan": false,
  "f0_natural_has_inf": false,
  "f0_min": 388.7240905761719,
  "f0_max": 470.77020263671875,
  "f0_mean": 441.33416748046875,
  "f0_std": 30.46876335144043,
  "f0_has_nan": false,
  "f0_has_inf": false,
  "f0_shape": [
    1,
    676
  ],
  "f0": {
    "min": 388.7240905761719,
    "max": 470.77020263671875,
    "mean": 441.33416748046875,
    "std": 30.46876335144043,
    "has_nan": false,
    "has_inf": false,
    "shape": [
      1,
      676
    ]
  },
  "vibrato_enabled": true,
  "transition_smoothing_ms": 50,
  "vibrato_rate_hz": 5.5,
  "vibrato_depth_cents": 15,
  "tail_fall_cents": 20,
  "jitter_cents": 2
}
