{
  "item_name": "opencpop_2001_phrase_021",
  "mel_npy": "D:\\YiYuTongSheng\\data\\svs\\segments\\opencpop_2001_phrase_021.mel.npy",
  "mel_min": -5.482450485229492,
  "mel_max": -0.5294604301452637,
  "mel_mean": -2.890136480331421,
  "mel_std": 0.7430272698402405,
  "mel_has_nan": false,
  "mel_has_inf": false,
  "mel_shape": [
    1,
    977,
    80
  ],
  "mel": {
    "min": -5.482450485229492,
    "max": -0.5294604301452637,
    "mean": -2.890136480331421,
    "std": 0.7430272698402405,
    "has_nan": false,
    "has_inf": false,
    "shape": [
      1,
      977,
      80
    ]
  },
  "f0_exists": true,
  "f0_source": "notes_fallback_naturalized",
  "f0_naturalized": true,
  "f0_raw_npy": "D:\\YiYuTongSheng\\data\\svs\\segments\\opencpop_2001_phrase_021.f0_raw.npy",
  "f0_natural_npy": "D:\\YiYuTongSheng\\data\\svs\\segments\\opencpop_2001_phrase_021.f0_natural.npy",
  "f0_raw_min": 311.1269836425781,
  "f0_raw_max": 554.365234375,
  "f0_raw_mean": 460.37896728515625,
  "f0_raw_std": 94.29100799560547,
  "f0_raw_has_nan": false,
  "f0_raw_has_inf": false,
  "f0_natural_min": 310.5510559082031,
  "f0_natural_max": 559.8009643554688,
  "f0_natural_mean": 460.2652893066406,
  "f0_natural_std": 94.03628540039062,
  "f0_natural_has_nan": false,
  "f0_natural_has_inf": false,
  "f0_min": 310.5510559082031,
  "f0_max": 559.8009643554688,
  "f0_mean": 460.2652893066406,
  "f0_std": 94.03628540039062,
  "f0_has_nan": false,
  "f0_has_inf": false,
  "f0_shape": [
    1,
    977
  ],
  "f0": {
    "min": 310.5510559082031,
    "max": 559.8009643554688,
    "mean": 460.2652893066406,
    "std": 94.03628540039062,
    "has_nan": false,
    "has_inf": false,
    "shape": [
      1,
      977
    ]
  },
  "vibrato_enabled": true,
  "transition_smoothing_ms": 50,
  "vibrato_rate_hz": 5.5,
  "vibrato_depth_cents": 15,
  "tail_fall_cents": 20,
  "jitter_cents": 2
}
