{
  "item_name": "opencpop_2018_phrase_049",
  "mel_npy": "D:\\YiYuTongSheng\\data\\svs\\segments\\opencpop_2018_phrase_049.mel.npy",
  "mel_min": -5.139933109283447,
  "mel_max": -0.46471357345581055,
  "mel_mean": -2.8156561851501465,
  "mel_std": 0.7568368911743164,
  "mel_has_nan": false,
  "mel_has_inf": false,
  "mel_shape": [
    1,
    484,
    80
  ],
  "mel": {
    "min": -5.139933109283447,
    "max": -0.46471357345581055,
    "mean": -2.8156561851501465,
    "std": 0.7568368911743164,
    "has_nan": false,
    "has_inf": false,
    "shape": [
      1,
      484,
      80
    ]
  },
  "f0_exists": true,
  "f0_source": "notes_fallback_naturalized",
  "f0_naturalized": true,
  "f0_raw_npy": "D:\\YiYuTongSheng\\data\\svs\\segments\\opencpop_2018_phrase_049.f0_raw.npy",
  "f0_natural_npy": "D:\\YiYuTongSheng\\data\\svs\\segments\\opencpop_2018_phrase_049.f0_natural.npy",
  "f0_raw_min": 329.6275634765625,
  "f0_raw_max": 493.88330078125,
  "f0_raw_mean": 408.3424377441406,
  "f0_raw_std": 74.7491455078125,
  "f0_raw_has_nan": false,
  "f0_raw_has_inf": false,
  "f0_natural_min": 328.8113098144531,
  "f0_natural_max": 497.7669982910156,
  "f0_natural_mean": 408.3309326171875,
  "f0_natural_std": 74.30626678466797,
  "f0_natural_has_nan": false,
  "f0_natural_has_inf": false,
  "f0_min": 328.8113098144531,
  "f0_max": 497.7669982910156,
  "f0_mean": 408.3309326171875,
  "f0_std": 74.30626678466797,
  "f0_has_nan": false,
  "f0_has_inf": false,
  "f0_shape": [
    1,
    484
  ],
  "f0": {
    "min": 328.8113098144531,
    "max": 497.7669982910156,
    "mean": 408.3309326171875,
    "std": 74.30626678466797,
    "has_nan": false,
    "has_inf": false,
    "shape": [
      1,
      484
    ]
  },
  "vibrato_enabled": true,
  "transition_smoothing_ms": 50,
  "vibrato_rate_hz": 5.5,
  "vibrato_depth_cents": 15,
  "tail_fall_cents": 20,
  "jitter_cents": 2
}
