{
  "item_name": "opencpop_2041_phrase_006",
  "mel_npy": "D:\\YiYuTongSheng\\data\\svs\\segments\\opencpop_2041_phrase_006.mel.npy",
  "mel_min": -6.146263599395752,
  "mel_max": -0.6766862869262695,
  "mel_mean": -3.0563504695892334,
  "mel_std": 0.808162271976471,
  "mel_has_nan": false,
  "mel_has_inf": false,
  "mel_shape": [
    1,
    892,
    80
  ],
  "mel": {
    "min": -6.146263599395752,
    "max": -0.6766862869262695,
    "mean": -3.0563504695892334,
    "std": 0.808162271976471,
    "has_nan": false,
    "has_inf": false,
    "shape": [
      1,
      892,
      80
    ]
  },
  "f0_exists": true,
  "f0_source": "notes_fallback_naturalized",
  "f0_naturalized": true,
  "f0_raw_npy": "D:\\YiYuTongSheng\\data\\svs\\segments\\opencpop_2041_phrase_006.f0_raw.npy",
  "f0_natural_npy": "D:\\YiYuTongSheng\\data\\svs\\segments\\opencpop_2041_phrase_006.f0_natural.npy",
  "f0_raw_min": 220.0,
  "f0_raw_max": 391.99542236328125,
  "f0_raw_mean": 281.0882263183594,
  "f0_raw_std": 53.04712677001953,
  "f0_raw_has_nan": false,
  "f0_raw_has_inf": false,
  "f0_natural_min": 217.76536560058594,
  "f0_natural_max": 392.2146301269531,
  "f0_natural_mean": 281.0289001464844,
  "f0_natural_std": 52.35018539428711,
  "f0_natural_has_nan": false,
  "f0_natural_has_inf": false,
  "f0_min": 217.76536560058594,
  "f0_max": 392.2146301269531,
  "f0_mean": 281.0289001464844,
  "f0_std": 52.35018539428711,
  "f0_has_nan": false,
  "f0_has_inf": false,
  "f0_shape": [
    1,
    892
  ],
  "f0": {
    "min": 217.76536560058594,
    "max": 392.2146301269531,
    "mean": 281.0289001464844,
    "std": 52.35018539428711,
    "has_nan": false,
    "has_inf": false,
    "shape": [
      1,
      892
    ]
  },
  "vibrato_enabled": true,
  "transition_smoothing_ms": 50,
  "vibrato_rate_hz": 5.5,
  "vibrato_depth_cents": 15,
  "tail_fall_cents": 20,
  "jitter_cents": 2
}
