{
  "item_name": "opencpop_2037_phrase_034",
  "mel_npy": "D:\\YiYuTongSheng\\data\\svs\\segments\\opencpop_2037_phrase_034.mel.npy",
  "mel_min": -5.075379371643066,
  "mel_max": -0.19665288925170898,
  "mel_mean": -2.531059980392456,
  "mel_std": 0.8602420091629028,
  "mel_has_nan": false,
  "mel_has_inf": false,
  "mel_shape": [
    1,
    454,
    80
  ],
  "mel": {
    "min": -5.075379371643066,
    "max": -0.19665288925170898,
    "mean": -2.531059980392456,
    "std": 0.8602420091629028,
    "has_nan": false,
    "has_inf": false,
    "shape": [
      1,
      454,
      80
    ]
  },
  "f0_exists": true,
  "f0_source": "notes_fallback_naturalized",
  "f0_naturalized": true,
  "f0_raw_npy": "D:\\YiYuTongSheng\\data\\svs\\segments\\opencpop_2037_phrase_034.f0_raw.npy",
  "f0_natural_npy": "D:\\YiYuTongSheng\\data\\svs\\segments\\opencpop_2037_phrase_034.f0_natural.npy",
  "f0_raw_min": 329.6275634765625,
  "f0_raw_max": 391.99542236328125,
  "f0_raw_mean": 376.8863830566406,
  "f0_raw_std": 23.40427017211914,
  "f0_raw_has_nan": false,
  "f0_raw_has_inf": false,
  "f0_natural_min": 326.8709411621094,
  "f0_natural_max": 396.0641784667969,
  "f0_natural_mean": 376.837890625,
  "f0_natural_std": 23.241697311401367,
  "f0_natural_has_nan": false,
  "f0_natural_has_inf": false,
  "f0_min": 326.8709411621094,
  "f0_max": 396.0641784667969,
  "f0_mean": 376.837890625,
  "f0_std": 23.241697311401367,
  "f0_has_nan": false,
  "f0_has_inf": false,
  "f0_shape": [
    1,
    454
  ],
  "f0": {
    "min": 326.8709411621094,
    "max": 396.0641784667969,
    "mean": 376.837890625,
    "std": 23.241697311401367,
    "has_nan": false,
    "has_inf": false,
    "shape": [
      1,
      454
    ]
  },
  "vibrato_enabled": true,
  "transition_smoothing_ms": 50,
  "vibrato_rate_hz": 5.5,
  "vibrato_depth_cents": 15,
  "tail_fall_cents": 20,
  "jitter_cents": 2
}
