{
  "item_name": "opencpop_2041_phrase_027",
  "mel_npy": "D:\\YiYuTongSheng\\data\\svs\\segments\\opencpop_2041_phrase_027.mel.npy",
  "mel_min": -6.083573341369629,
  "mel_max": -0.561729907989502,
  "mel_mean": -2.98055362701416,
  "mel_std": 0.7814198136329651,
  "mel_has_nan": false,
  "mel_has_inf": false,
  "mel_shape": [
    1,
    925,
    80
  ],
  "mel": {
    "min": -6.083573341369629,
    "max": -0.561729907989502,
    "mean": -2.98055362701416,
    "std": 0.7814198136329651,
    "has_nan": false,
    "has_inf": false,
    "shape": [
      1,
      925,
      80
    ]
  },
  "f0_exists": true,
  "f0_source": "notes_fallback_naturalized",
  "f0_naturalized": true,
  "f0_raw_npy": "D:\\YiYuTongSheng\\data\\svs\\segments\\opencpop_2041_phrase_027.f0_raw.npy",
  "f0_natural_npy": "D:\\YiYuTongSheng\\data\\svs\\segments\\opencpop_2041_phrase_027.f0_natural.npy",
  "f0_raw_min": 174.61412048339844,
  "f0_raw_max": 293.6647644042969,
  "f0_raw_mean": 238.73411560058594,
  "f0_raw_std": 32.57112503051758,
  "f0_raw_has_nan": false,
  "f0_raw_has_inf": false,
  "f0_natural_min": 173.02474975585938,
  "f0_natural_max": 295.8431091308594,
  "f0_natural_mean": 238.69361877441406,
  "f0_natural_std": 32.19754409790039,
  "f0_natural_has_nan": false,
  "f0_natural_has_inf": false,
  "f0_min": 173.02474975585938,
  "f0_max": 295.8431091308594,
  "f0_mean": 238.69361877441406,
  "f0_std": 32.19754409790039,
  "f0_has_nan": false,
  "f0_has_inf": false,
  "f0_shape": [
    1,
    925
  ],
  "f0": {
    "min": 173.02474975585938,
    "max": 295.8431091308594,
    "mean": 238.69361877441406,
    "std": 32.19754409790039,
    "has_nan": false,
    "has_inf": false,
    "shape": [
      1,
      925
    ]
  },
  "vibrato_enabled": true,
  "transition_smoothing_ms": 50,
  "vibrato_rate_hz": 5.5,
  "vibrato_depth_cents": 15,
  "tail_fall_cents": 20,
  "jitter_cents": 2
}
