{
  "item_name": "opencpop_2014_phrase_023",
  "mel_npy": "D:\\YiYuTongSheng\\data\\svs\\segments\\opencpop_2014_phrase_023.mel.npy",
  "mel_min": -6.0612473487854,
  "mel_max": -0.6184167861938477,
  "mel_mean": -2.9037632942199707,
  "mel_std": 0.8046589493751526,
  "mel_has_nan": false,
  "mel_has_inf": false,
  "mel_shape": [
    1,
    544,
    80
  ],
  "mel": {
    "min": -6.0612473487854,
    "max": -0.6184167861938477,
    "mean": -2.9037632942199707,
    "std": 0.8046589493751526,
    "has_nan": false,
    "has_inf": false,
    "shape": [
      1,
      544,
      80
    ]
  },
  "f0_exists": true,
  "f0_source": "notes_fallback_naturalized",
  "f0_naturalized": true,
  "f0_raw_npy": "D:\\YiYuTongSheng\\data\\svs\\segments\\opencpop_2014_phrase_023.f0_raw.npy",
  "f0_natural_npy": "D:\\YiYuTongSheng\\data\\svs\\segments\\opencpop_2014_phrase_023.f0_natural.npy",
  "f0_raw_min": 261.6255798339844,
  "f0_raw_max": 466.16375732421875,
  "f0_raw_mean": 393.0615234375,
  "f0_raw_std": 70.87452697753906,
  "f0_raw_has_nan": false,
  "f0_raw_has_inf": false,
  "f0_natural_min": 261.14129638671875,
  "f0_natural_max": 470.50567626953125,
  "f0_natural_mean": 393.0818786621094,
  "f0_natural_std": 70.29021453857422,
  "f0_natural_has_nan": false,
  "f0_natural_has_inf": false,
  "f0_min": 261.14129638671875,
  "f0_max": 470.50567626953125,
  "f0_mean": 393.0818786621094,
  "f0_std": 70.29021453857422,
  "f0_has_nan": false,
  "f0_has_inf": false,
  "f0_shape": [
    1,
    544
  ],
  "f0": {
    "min": 261.14129638671875,
    "max": 470.50567626953125,
    "mean": 393.0818786621094,
    "std": 70.29021453857422,
    "has_nan": false,
    "has_inf": false,
    "shape": [
      1,
      544
    ]
  },
  "vibrato_enabled": true,
  "transition_smoothing_ms": 50,
  "vibrato_rate_hz": 5.5,
  "vibrato_depth_cents": 15,
  "tail_fall_cents": 20,
  "jitter_cents": 2
}
