{
  "item_name": "opencpop_2037_phrase_020",
  "mel_npy": "D:\\YiYuTongSheng\\data\\svs\\segments\\opencpop_2037_phrase_020.mel.npy",
  "mel_min": -6.092966556549072,
  "mel_max": -0.3178825378417969,
  "mel_mean": -2.83498215675354,
  "mel_std": 0.8345958590507507,
  "mel_has_nan": false,
  "mel_has_inf": false,
  "mel_shape": [
    1,
    1006,
    80
  ],
  "mel": {
    "min": -6.092966556549072,
    "max": -0.3178825378417969,
    "mean": -2.83498215675354,
    "std": 0.8345958590507507,
    "has_nan": false,
    "has_inf": false,
    "shape": [
      1,
      1006,
      80
    ]
  },
  "f0_exists": true,
  "f0_source": "notes_fallback_naturalized",
  "f0_naturalized": true,
  "f0_raw_npy": "D:\\YiYuTongSheng\\data\\svs\\segments\\opencpop_2037_phrase_020.f0_raw.npy",
  "f0_natural_npy": "D:\\YiYuTongSheng\\data\\svs\\segments\\opencpop_2037_phrase_020.f0_natural.npy",
  "f0_raw_min": 195.99771118164062,
  "f0_raw_max": 329.6275634765625,
  "f0_raw_mean": 262.0239562988281,
  "f0_raw_std": 36.74336242675781,
  "f0_raw_has_nan": false,
  "f0_raw_has_inf": false,
  "f0_natural_min": 194.58544921875,
  "f0_natural_max": 332.7301330566406,
  "f0_natural_mean": 262.0162048339844,
  "f0_natural_std": 36.63861846923828,
  "f0_natural_has_nan": false,
  "f0_natural_has_inf": false,
  "f0_min": 194.58544921875,
  "f0_max": 332.7301330566406,
  "f0_mean": 262.0162048339844,
  "f0_std": 36.63861846923828,
  "f0_has_nan": false,
  "f0_has_inf": false,
  "f0_shape": [
    1,
    1006
  ],
  "f0": {
    "min": 194.58544921875,
    "max": 332.7301330566406,
    "mean": 262.0162048339844,
    "std": 36.63861846923828,
    "has_nan": false,
    "has_inf": false,
    "shape": [
      1,
      1006
    ]
  },
  "vibrato_enabled": true,
  "transition_smoothing_ms": 50,
  "vibrato_rate_hz": 5.5,
  "vibrato_depth_cents": 15,
  "tail_fall_cents": 20,
  "jitter_cents": 2
}
