{
  "item_name": "opencpop_2014_phrase_019",
  "mel_npy": "D:\\YiYuTongSheng\\data\\svs\\segments\\opencpop_2014_phrase_019.mel.npy",
  "mel_min": -6.049177169799805,
  "mel_max": -0.5987029075622559,
  "mel_mean": -3.0134902000427246,
  "mel_std": 0.8185638189315796,
  "mel_has_nan": false,
  "mel_has_inf": false,
  "mel_shape": [
    1,
    769,
    80
  ],
  "mel": {
    "min": -6.049177169799805,
    "max": -0.5987029075622559,
    "mean": -3.0134902000427246,
    "std": 0.8185638189315796,
    "has_nan": false,
    "has_inf": false,
    "shape": [
      1,
      769,
      80
    ]
  },
  "f0_exists": true,
  "f0_source": "notes_fallback_naturalized",
  "f0_naturalized": true,
  "f0_raw_npy": "D:\\YiYuTongSheng\\data\\svs\\segments\\opencpop_2014_phrase_019.f0_raw.npy",
  "f0_natural_npy": "D:\\YiYuTongSheng\\data\\svs\\segments\\opencpop_2014_phrase_019.f0_natural.npy",
  "f0_raw_min": 207.65234375,
  "f0_raw_max": 246.941650390625,
  "f0_raw_mean": 235.83486938476562,
  "f0_raw_std": 10.355268478393555,
  "f0_raw_has_nan": false,
  "f0_raw_has_inf": false,
  "f0_natural_min": 207.430908203125,
  "f0_natural_max": 249.2726287841797,
  "f0_natural_mean": 235.809814453125,
  "f0_natural_std": 10.333179473876953,
  "f0_natural_has_nan": false,
  "f0_natural_has_inf": false,
  "f0_min": 207.430908203125,
  "f0_max": 249.2726287841797,
  "f0_mean": 235.809814453125,
  "f0_std": 10.333179473876953,
  "f0_has_nan": false,
  "f0_has_inf": false,
  "f0_shape": [
    1,
    769
  ],
  "f0": {
    "min": 207.430908203125,
    "max": 249.2726287841797,
    "mean": 235.809814453125,
    "std": 10.333179473876953,
    "has_nan": false,
    "has_inf": false,
    "shape": [
      1,
      769
    ]
  },
  "vibrato_enabled": true,
  "transition_smoothing_ms": 50,
  "vibrato_rate_hz": 5.5,
  "vibrato_depth_cents": 15,
  "tail_fall_cents": 20,
  "jitter_cents": 2
}
