{
  "item_name": "opencpop_2018_phrase_035",
  "mel_npy": "D:\\YiYuTongSheng\\data\\svs\\segments\\opencpop_2018_phrase_035.mel.npy",
  "mel_min": -5.847467422485352,
  "mel_max": -0.7312932014465332,
  "mel_mean": -3.0207886695861816,
  "mel_std": 0.714580774307251,
  "mel_has_nan": false,
  "mel_has_inf": false,
  "mel_shape": [
    1,
    482,
    80
  ],
  "mel": {
    "min": -5.847467422485352,
    "max": -0.7312932014465332,
    "mean": -3.0207886695861816,
    "std": 0.714580774307251,
    "has_nan": false,
    "has_inf": false,
    "shape": [
      1,
      482,
      80
    ]
  },
  "f0_exists": true,
  "f0_source": "notes_fallback_naturalized",
  "f0_naturalized": true,
  "f0_raw_npy": "D:\\YiYuTongSheng\\data\\svs\\segments\\opencpop_2018_phrase_035.f0_raw.npy",
  "f0_natural_npy": "D:\\YiYuTongSheng\\data\\svs\\segments\\opencpop_2018_phrase_035.f0_natural.npy",
  "f0_raw_min": 220.0,
  "f0_raw_max": 329.6275634765625,
  "f0_raw_mean": 269.05517578125,
  "f0_raw_std": 34.96501922607422,
  "f0_raw_has_nan": false,
  "f0_raw_has_inf": false,
  "f0_natural_min": 217.36854553222656,
  "f0_natural_max": 332.34429931640625,
  "f0_natural_mean": 269.0652160644531,
  "f0_natural_std": 34.91427993774414,
  "f0_natural_has_nan": false,
  "f0_natural_has_inf": false,
  "f0_min": 217.36854553222656,
  "f0_max": 332.34429931640625,
  "f0_mean": 269.0652160644531,
  "f0_std": 34.91427993774414,
  "f0_has_nan": false,
  "f0_has_inf": false,
  "f0_shape": [
    1,
    482
  ],
  "f0": {
    "min": 217.36854553222656,
    "max": 332.34429931640625,
    "mean": 269.0652160644531,
    "std": 34.91427993774414,
    "has_nan": false,
    "has_inf": false,
    "shape": [
      1,
      482
    ]
  },
  "vibrato_enabled": true,
  "transition_smoothing_ms": 50,
  "vibrato_rate_hz": 5.5,
  "vibrato_depth_cents": 15,
  "tail_fall_cents": 20,
  "jitter_cents": 2
}
