{
  "item_name": "opencpop_2037_phrase_043",
  "mel_npy": "D:\\YiYuTongSheng\\data\\svs\\segments\\opencpop_2037_phrase_043.mel.npy",
  "mel_min": -5.184034824371338,
  "mel_max": -0.3595447540283203,
  "mel_mean": -2.6214919090270996,
  "mel_std": 0.8560531139373779,
  "mel_has_nan": false,
  "mel_has_inf": false,
  "mel_shape": [
    1,
    1074,
    80
  ],
  "mel": {
    "min": -5.184034824371338,
    "max": -0.3595447540283203,
    "mean": -2.6214919090270996,
    "std": 0.8560531139373779,
    "has_nan": false,
    "has_inf": false,
    "shape": [
      1,
      1074,
      80
    ]
  },
  "f0_exists": true,
  "f0_source": "notes_fallback_naturalized",
  "f0_naturalized": true,
  "f0_raw_npy": "D:\\YiYuTongSheng\\data\\svs\\segments\\opencpop_2037_phrase_043.f0_raw.npy",
  "f0_natural_npy": "D:\\YiYuTongSheng\\data\\svs\\segments\\opencpop_2037_phrase_043.f0_natural.npy",
  "f0_raw_min": 349.2282409667969,
  "f0_raw_max": 415.3046875,
  "f0_raw_mean": 404.146240234375,
  "f0_raw_std": 19.70225715637207,
  "f0_raw_has_nan": false,
  "f0_raw_has_inf": false,
  "f0_natural_min": 346.79901123046875,
  "f0_natural_max": 419.62591552734375,
  "f0_natural_mean": 404.045166015625,
  "f0_natural_std": 19.506193161010742,
  "f0_natural_has_nan": false,
  "f0_natural_has_inf": false,
  "f0_min": 346.79901123046875,
  "f0_max": 419.62591552734375,
  "f0_mean": 404.045166015625,
  "f0_std": 19.506193161010742,
  "f0_has_nan": false,
  "f0_has_inf": false,
  "f0_shape": [
    1,
    1074
  ],
  "f0": {
    "min": 346.79901123046875,
    "max": 419.62591552734375,
    "mean": 404.045166015625,
    "std": 19.506193161010742,
    "has_nan": false,
    "has_inf": false,
    "shape": [
      1,
      1074
    ]
  },
  "vibrato_enabled": true,
  "transition_smoothing_ms": 50,
  "vibrato_rate_hz": 5.5,
  "vibrato_depth_cents": 15,
  "tail_fall_cents": 20,
  "jitter_cents": 2
}
