{
  "item_name": "opencpop_2041_phrase_013",
  "mel_npy": "D:\\YiYuTongSheng\\data\\svs\\segments\\opencpop_2041_phrase_013.mel.npy",
  "mel_min": -5.789074420928955,
  "mel_max": -0.6634531021118164,
  "mel_mean": -2.9705071449279785,
  "mel_std": 0.8137255907058716,
  "mel_has_nan": false,
  "mel_has_inf": false,
  "mel_shape": [
    1,
    401,
    80
  ],
  "mel": {
    "min": -5.789074420928955,
    "max": -0.6634531021118164,
    "mean": -2.9705071449279785,
    "std": 0.8137255907058716,
    "has_nan": false,
    "has_inf": false,
    "shape": [
      1,
      401,
      80
    ]
  },
  "f0_exists": true,
  "f0_source": "notes_fallback_naturalized",
  "f0_naturalized": true,
  "f0_raw_npy": "D:\\YiYuTongSheng\\data\\svs\\segments\\opencpop_2041_phrase_013.f0_raw.npy",
  "f0_natural_npy": "D:\\YiYuTongSheng\\data\\svs\\segments\\opencpop_2041_phrase_013.f0_natural.npy",
  "f0_raw_min": 174.61412048339844,
  "f0_raw_max": 261.6255798339844,
  "f0_raw_mean": 228.97299194335938,
  "f0_raw_std": 29.029489517211914,
  "f0_raw_has_nan": false,
  "f0_raw_has_inf": false,
  "f0_natural_min": 173.1634521484375,
  "f0_natural_max": 264.23028564453125,
  "f0_natural_mean": 228.9407196044922,
  "f0_natural_std": 28.79320526123047,
  "f0_natural_has_nan": false,
  "f0_natural_has_inf": false,
  "f0_min": 173.1634521484375,
  "f0_max": 264.23028564453125,
  "f0_mean": 228.9407196044922,
  "f0_std": 28.79320526123047,
  "f0_has_nan": false,
  "f0_has_inf": false,
  "f0_shape": [
    1,
    401
  ],
  "f0": {
    "min": 173.1634521484375,
    "max": 264.23028564453125,
    "mean": 228.9407196044922,
    "std": 28.79320526123047,
    "has_nan": false,
    "has_inf": false,
    "shape": [
      1,
      401
    ]
  },
  "vibrato_enabled": true,
  "transition_smoothing_ms": 50,
  "vibrato_rate_hz": 5.5,
  "vibrato_depth_cents": 15,
  "tail_fall_cents": 20,
  "jitter_cents": 2
}
