{
  "item_name": "opencpop_2041_phrase_019",
  "mel_npy": "D:\\YiYuTongSheng\\data\\svs\\segments\\opencpop_2041_phrase_019.mel.npy",
  "mel_min": -5.868613243103027,
  "mel_max": -0.5154752731323242,
  "mel_mean": -2.8866186141967773,
  "mel_std": 0.8160670399665833,
  "mel_has_nan": false,
  "mel_has_inf": false,
  "mel_shape": [
    1,
    966,
    80
  ],
  "mel": {
    "min": -5.868613243103027,
    "max": -0.5154752731323242,
    "mean": -2.8866186141967773,
    "std": 0.8160670399665833,
    "has_nan": false,
    "has_inf": false,
    "shape": [
      1,
      966,
      80
    ]
  },
  "f0_exists": true,
  "f0_source": "notes_fallback_naturalized",
  "f0_naturalized": true,
  "f0_raw_npy": "D:\\YiYuTongSheng\\data\\svs\\segments\\opencpop_2041_phrase_019.f0_raw.npy",
  "f0_natural_npy": "D:\\YiYuTongSheng\\data\\svs\\segments\\opencpop_2041_phrase_019.f0_natural.npy",
  "f0_raw_min": 195.99771118164062,
  "f0_raw_max": 466.16375732421875,
  "f0_raw_mean": 294.1922302246094,
  "f0_raw_std": 71.75666809082031,
  "f0_raw_has_nan": false,
  "f0_raw_has_inf": false,
  "f0_natural_min": 195.63490295410156,
  "f0_natural_max": 466.67645263671875,
  "f0_natural_mean": 294.1451721191406,
  "f0_natural_std": 71.47621154785156,
  "f0_natural_has_nan": false,
  "f0_natural_has_inf": false,
  "f0_min": 195.63490295410156,
  "f0_max": 466.67645263671875,
  "f0_mean": 294.1451721191406,
  "f0_std": 71.47621154785156,
  "f0_has_nan": false,
  "f0_has_inf": false,
  "f0_shape": [
    1,
    966
  ],
  "f0": {
    "min": 195.63490295410156,
    "max": 466.67645263671875,
    "mean": 294.1451721191406,
    "std": 71.47621154785156,
    "has_nan": false,
    "has_inf": false,
    "shape": [
      1,
      966
    ]
  },
  "vibrato_enabled": true,
  "transition_smoothing_ms": 50,
  "vibrato_rate_hz": 5.5,
  "vibrato_depth_cents": 15,
  "tail_fall_cents": 20,
  "jitter_cents": 2
}
