{
  "item_name": "opencpop_2018_phrase_011",
  "mel_npy": "D:\\YiYuTongSheng\\data\\svs\\segments\\opencpop_2018_phrase_011.mel.npy",
  "mel_min": -5.901837348937988,
  "mel_max": -0.7594633102416992,
  "mel_mean": -3.0319554805755615,
  "mel_std": 0.7074967622756958,
  "mel_has_nan": false,
  "mel_has_inf": false,
  "mel_shape": [
    1,
    466,
    80
  ],
  "mel": {
    "min": -5.901837348937988,
    "max": -0.7594633102416992,
    "mean": -3.0319554805755615,
    "std": 0.7074967622756958,
    "has_nan": false,
    "has_inf": false,
    "shape": [
      1,
      466,
      80
    ]
  },
  "f0_exists": true,
  "f0_source": "notes_fallback_naturalized",
  "f0_naturalized": true,
  "f0_raw_npy": "D:\\YiYuTongSheng\\data\\svs\\segments\\opencpop_2018_phrase_011.f0_raw.npy",
  "f0_natural_npy": "D:\\YiYuTongSheng\\data\\svs\\segments\\opencpop_2018_phrase_011.f0_natural.npy",
  "f0_raw_min": 220.0,
  "f0_raw_max": 329.6275634765625,
  "f0_raw_mean": 270.8772277832031,
  "f0_raw_std": 34.644317626953125,
  "f0_raw_has_nan": false,
  "f0_raw_has_inf": false,
  "f0_natural_min": 217.57093811035156,
  "f0_natural_max": 332.4455261230469,
  "f0_natural_mean": 270.870849609375,
  "f0_natural_std": 34.60505294799805,
  "f0_natural_has_nan": false,
  "f0_natural_has_inf": false,
  "f0_min": 217.57093811035156,
  "f0_max": 332.4455261230469,
  "f0_mean": 270.870849609375,
  "f0_std": 34.60505294799805,
  "f0_has_nan": false,
  "f0_has_inf": false,
  "f0_shape": [
    1,
    466
  ],
  "f0": {
    "min": 217.57093811035156,
    "max": 332.4455261230469,
    "mean": 270.870849609375,
    "std": 34.60505294799805,
    "has_nan": false,
    "has_inf": false,
    "shape": [
      1,
      466
    ]
  },
  "vibrato_enabled": true,
  "transition_smoothing_ms": 50,
  "vibrato_rate_hz": 5.5,
  "vibrato_depth_cents": 15,
  "tail_fall_cents": 20,
  "jitter_cents": 2
}
