{
  "item_name": "opencpop_2014_phrase_007",
  "mel_npy": "D:\\YiYuTongSheng\\data\\svs\\segments\\opencpop_2014_phrase_007.mel.npy",
  "mel_min": -5.839346885681152,
  "mel_max": -0.607945442199707,
  "mel_mean": -3.031568765640259,
  "mel_std": 0.7815856337547302,
  "mel_has_nan": false,
  "mel_has_inf": false,
  "mel_shape": [
    1,
    1073,
    80
  ],
  "mel": {
    "min": -5.839346885681152,
    "max": -0.607945442199707,
    "mean": -3.031568765640259,
    "std": 0.7815856337547302,
    "has_nan": false,
    "has_inf": false,
    "shape": [
      1,
      1073,
      80
    ]
  },
  "f0_exists": true,
  "f0_source": "notes_fallback_naturalized",
  "f0_naturalized": true,
  "f0_raw_npy": "D:\\YiYuTongSheng\\data\\svs\\segments\\opencpop_2014_phrase_007.f0_raw.npy",
  "f0_natural_npy": "D:\\YiYuTongSheng\\data\\svs\\segments\\opencpop_2014_phrase_007.f0_natural.npy",
  "f0_raw_min": 195.99771118164062,
  "f0_raw_max": 261.6255798339844,
  "f0_raw_mean": 232.43373107910156,
  "f0_raw_std": 22.75065803527832,
  "f0_raw_has_nan": false,
  "f0_raw_has_inf": false,
  "f0_natural_min": 195.74208068847656,
  "f0_natural_max": 264.34710693359375,
  "f0_natural_mean": 232.3870391845703,
  "f0_natural_std": 22.595121383666992,
  "f0_natural_has_nan": false,
  "f0_natural_has_inf": false,
  "f0_min": 195.74208068847656,
  "f0_max": 264.34710693359375,
  "f0_mean": 232.3870391845703,
  "f0_std": 22.595121383666992,
  "f0_has_nan": false,
  "f0_has_inf": false,
  "f0_shape": [
    1,
    1073
  ],
  "f0": {
    "min": 195.74208068847656,
    "max": 264.34710693359375,
    "mean": 232.3870391845703,
    "std": 22.595121383666992,
    "has_nan": false,
    "has_inf": false,
    "shape": [
      1,
      1073
    ]
  },
  "vibrato_enabled": true,
  "transition_smoothing_ms": 50,
  "vibrato_rate_hz": 5.5,
  "vibrato_depth_cents": 15,
  "tail_fall_cents": 20,
  "jitter_cents": 2
}
