{
  "item_name": "opencpop_2037_phrase_026",
  "mel_npy": "D:\\YiYuTongSheng\\data\\svs\\segments\\opencpop_2037_phrase_026.mel.npy",
  "mel_min": -5.620701789855957,
  "mel_max": -0.38399219512939453,
  "mel_mean": -2.6051981449127197,
  "mel_std": 0.8141860961914062,
  "mel_has_nan": false,
  "mel_has_inf": false,
  "mel_shape": [
    1,
    594,
    80
  ],
  "mel": {
    "min": -5.620701789855957,
    "max": -0.38399219512939453,
    "mean": -2.6051981449127197,
    "std": 0.8141860961914062,
    "has_nan": false,
    "has_inf": false,
    "shape": [
      1,
      594,
      80
    ]
  },
  "f0_exists": true,
  "f0_source": "notes_fallback_naturalized",
  "f0_naturalized": true,
  "f0_raw_npy": "D:\\YiYuTongSheng\\data\\svs\\segments\\opencpop_2037_phrase_026.f0_raw.npy",
  "f0_natural_npy": "D:\\YiYuTongSheng\\data\\svs\\segments\\opencpop_2037_phrase_026.f0_natural.npy",
  "f0_raw_min": 246.941650390625,
  "f0_raw_max": 440.0,
  "f0_raw_mean": 372.9508056640625,
  "f0_raw_std": 65.70751953125,
  "f0_raw_has_nan": false,
  "f0_raw_has_inf": false,
  "f0_natural_min": 244.88479614257812,
  "f0_natural_max": 444.28765869140625,
  "f0_natural_mean": 372.9774169921875,
  "f0_natural_std": 65.50467681884766,
  "f0_natural_has_nan": false,
  "f0_natural_has_inf": false,
  "f0_min": 244.88479614257812,
  "f0_max": 444.28765869140625,
  "f0_mean": 372.9774169921875,
  "f0_std": 65.50467681884766,
  "f0_has_nan": false,
  "f0_has_inf": false,
  "f0_shape": [
    1,
    594
  ],
  "f0": {
    "min": 244.88479614257812,
    "max": 444.28765869140625,
    "mean": 372.9774169921875,
    "std": 65.50467681884766,
    "has_nan": false,
    "has_inf": false,
    "shape": [
      1,
      594
    ]
  },
  "vibrato_enabled": true,
  "transition_smoothing_ms": 50,
  "vibrato_rate_hz": 5.5,
  "vibrato_depth_cents": 15,
  "tail_fall_cents": 20,
  "jitter_cents": 2
}
