{
  "item_name": "opencpop_2018_phrase_048",
  "mel_npy": "D:\\YiYuTongSheng\\data\\svs\\segments\\opencpop_2018_phrase_048.mel.npy",
  "mel_min": -5.266209125518799,
  "mel_max": -0.37854909896850586,
  "mel_mean": -2.732224702835083,
  "mel_std": 0.8102235794067383,
  "mel_has_nan": false,
  "mel_has_inf": false,
  "mel_shape": [
    1,
    513,
    80
  ],
  "mel": {
    "min": -5.266209125518799,
    "max": -0.37854909896850586,
    "mean": -2.732224702835083,
    "std": 0.8102235794067383,
    "has_nan": false,
    "has_inf": false,
    "shape": [
      1,
      513,
      80
    ]
  },
  "f0_exists": true,
  "f0_source": "notes_fallback_naturalized",
  "f0_naturalized": true,
  "f0_raw_npy": "D:\\YiYuTongSheng\\data\\svs\\segments\\opencpop_2018_phrase_048.f0_raw.npy",
  "f0_natural_npy": "D:\\YiYuTongSheng\\data\\svs\\segments\\opencpop_2018_phrase_048.f0_natural.npy",
  "f0_raw_min": 329.6275634765625,
  "f0_raw_max": 440.0,
  "f0_raw_mean": 378.33612060546875,
  "f0_raw_std": 53.51008224487305,
  "f0_raw_has_nan": false,
  "f0_raw_has_inf": false,
  "f0_natural_min": 324.6900939941406,
  "f0_natural_max": 444.26190185546875,
  "f0_natural_mean": 378.3111572265625,
  "f0_natural_std": 53.3505973815918,
  "f0_natural_has_nan": false,
  "f0_natural_has_inf": false,
  "f0_min": 324.6900939941406,
  "f0_max": 444.26190185546875,
  "f0_mean": 378.3111572265625,
  "f0_std": 53.3505973815918,
  "f0_has_nan": false,
  "f0_has_inf": false,
  "f0_shape": [
    1,
    513
  ],
  "f0": {
    "min": 324.6900939941406,
    "max": 444.26190185546875,
    "mean": 378.3111572265625,
    "std": 53.3505973815918,
    "has_nan": false,
    "has_inf": false,
    "shape": [
      1,
      513
    ]
  },
  "vibrato_enabled": true,
  "transition_smoothing_ms": 50,
  "vibrato_rate_hz": 5.5,
  "vibrato_depth_cents": 15,
  "tail_fall_cents": 20,
  "jitter_cents": 2
}
