{
  "item_name": "opencpop_2037_phrase_005",
  "mel_npy": "D:\\YiYuTongSheng\\data\\svs\\segments\\opencpop_2037_phrase_005.mel.npy",
  "mel_min": -5.357365608215332,
  "mel_max": -0.4231266975402832,
  "mel_mean": -2.7015295028686523,
  "mel_std": 0.7638598084449768,
  "mel_has_nan": false,
  "mel_has_inf": false,
  "mel_shape": [
    1,
    697,
    80
  ],
  "mel": {
    "min": -5.357365608215332,
    "max": -0.4231266975402832,
    "mean": -2.7015295028686523,
    "std": 0.7638598084449768,
    "has_nan": false,
    "has_inf": false,
    "shape": [
      1,
      697,
      80
    ]
  },
  "f0_exists": true,
  "f0_source": "notes_fallback_naturalized",
  "f0_naturalized": true,
  "f0_raw_npy": "D:\\YiYuTongSheng\\data\\svs\\segments\\opencpop_2037_phrase_005.f0_raw.npy",
  "f0_natural_npy": "D:\\YiYuTongSheng\\data\\svs\\segments\\opencpop_2037_phrase_005.f0_natural.npy",
  "f0_raw_min": 195.99771118164062,
  "f0_raw_max": 261.6255798339844,
  "f0_raw_mean": 229.5913543701172,
  "f0_raw_std": 25.54090118408203,
  "f0_raw_has_nan": false,
  "f0_raw_has_inf": false,
  "f0_natural_min": 193.851318359375,
  "f0_natural_max": 264.60308837890625,
  "f0_natural_mean": 229.61419677734375,
  "f0_natural_std": 25.5423526763916,
  "f0_natural_has_nan": false,
  "f0_natural_has_inf": false,
  "f0_min": 193.851318359375,
  "f0_max": 264.60308837890625,
  "f0_mean": 229.61419677734375,
  "f0_std": 25.5423526763916,
  "f0_has_nan": false,
  "f0_has_inf": false,
  "f0_shape": [
    1,
    697
  ],
  "f0": {
    "min": 193.851318359375,
    "max": 264.60308837890625,
    "mean": 229.61419677734375,
    "std": 25.5423526763916,
    "has_nan": false,
    "has_inf": false,
    "shape": [
      1,
      697
    ]
  },
  "vibrato_enabled": true,
  "transition_smoothing_ms": 50,
  "vibrato_rate_hz": 5.5,
  "vibrato_depth_cents": 15,
  "tail_fall_cents": 20,
  "jitter_cents": 2
}
