{
  "item_name": "opencpop_2041_phrase_025",
  "mel_npy": "D:\\YiYuTongSheng\\data\\svs\\segments\\opencpop_2041_phrase_025.mel.npy",
  "mel_min": -6.079188823699951,
  "mel_max": -0.49742555618286133,
  "mel_mean": -2.9224393367767334,
  "mel_std": 0.8328509330749512,
  "mel_has_nan": false,
  "mel_has_inf": false,
  "mel_shape": [
    1,
    1005,
    80
  ],
  "mel": {
    "min": -6.079188823699951,
    "max": -0.49742555618286133,
    "mean": -2.9224393367767334,
    "std": 0.8328509330749512,
    "has_nan": false,
    "has_inf": false,
    "shape": [
      1,
      1005,
      80
    ]
  },
  "f0_exists": true,
  "f0_source": "notes_fallback_naturalized",
  "f0_naturalized": true,
  "f0_raw_npy": "D:\\YiYuTongSheng\\data\\svs\\segments\\opencpop_2041_phrase_025.f0_raw.npy",
  "f0_natural_npy": "D:\\YiYuTongSheng\\data\\svs\\segments\\opencpop_2041_phrase_025.f0_natural.npy",
  "f0_raw_min": 220.0,
  "f0_raw_max": 466.16375732421875,
  "f0_raw_mean": 316.1480712890625,
  "f0_raw_std": 85.06304931640625,
  "f0_raw_has_nan": false,
  "f0_raw_has_inf": false,
  "f0_natural_min": 219.4544677734375,
  "f0_natural_max": 471.6333923339844,
  "f0_natural_mean": 316.1230163574219,
  "f0_natural_std": 84.71717071533203,
  "f0_natural_has_nan": false,
  "f0_natural_has_inf": false,
  "f0_min": 219.4544677734375,
  "f0_max": 471.6333923339844,
  "f0_mean": 316.1230163574219,
  "f0_std": 84.71717071533203,
  "f0_has_nan": false,
  "f0_has_inf": false,
  "f0_shape": [
    1,
    1005
  ],
  "f0": {
    "min": 219.4544677734375,
    "max": 471.6333923339844,
    "mean": 316.1230163574219,
    "std": 84.71717071533203,
    "has_nan": false,
    "has_inf": false,
    "shape": [
      1,
      1005
    ]
  },
  "vibrato_enabled": true,
  "transition_smoothing_ms": 50,
  "vibrato_rate_hz": 5.5,
  "vibrato_depth_cents": 15,
  "tail_fall_cents": 20,
  "jitter_cents": 2
}
