{
  "item_name": "opencpop_2018_phrase_009",
  "mel_npy": "D:\\YiYuTongSheng\\data\\svs\\segments\\opencpop_2018_phrase_009.mel.npy",
  "mel_min": -5.944692611694336,
  "mel_max": -0.6682109832763672,
  "mel_mean": -2.971083164215088,
  "mel_std": 0.7376648783683777,
  "mel_has_nan": false,
  "mel_has_inf": false,
  "mel_shape": [
    1,
    834,
    80
  ],
  "mel": {
    "min": -5.944692611694336,
    "max": -0.6682109832763672,
    "mean": -2.971083164215088,
    "std": 0.7376648783683777,
    "has_nan": false,
    "has_inf": false,
    "shape": [
      1,
      834,
      80
    ]
  },
  "f0_exists": true,
  "f0_source": "notes_fallback_naturalized",
  "f0_naturalized": true,
  "f0_raw_npy": "D:\\YiYuTongSheng\\data\\svs\\segments\\opencpop_2018_phrase_009.f0_raw.npy",
  "f0_natural_npy": "D:\\YiYuTongSheng\\data\\svs\\segments\\opencpop_2018_phrase_009.f0_natural.npy",
  "f0_raw_min": 207.65234375,
  "f0_raw_max": 369.9944152832031,
  "f0_raw_mean": 259.1697998046875,
  "f0_raw_std": 57.207576751708984,
  "f0_raw_has_nan": false,
  "f0_raw_has_inf": false,
  "f0_natural_min": 206.03907775878906,
  "f0_natural_max": 370.0849609375,
  "f0_natural_mean": 259.08453369140625,
  "f0_natural_std": 56.80514144897461,
  "f0_natural_has_nan": false,
  "f0_natural_has_inf": false,
  "f0_min": 206.03907775878906,
  "f0_max": 370.0849609375,
  "f0_mean": 259.08453369140625,
  "f0_std": 56.80514144897461,
  "f0_has_nan": false,
  "f0_has_inf": false,
  "f0_shape": [
    1,
    834
  ],
  "f0": {
    "min": 206.03907775878906,
    "max": 370.0849609375,
    "mean": 259.08453369140625,
    "std": 56.80514144897461,
    "has_nan": false,
    "has_inf": false,
    "shape": [
      1,
      834
    ]
  },
  "vibrato_enabled": true,
  "transition_smoothing_ms": 50,
  "vibrato_rate_hz": 5.5,
  "vibrato_depth_cents": 15,
  "tail_fall_cents": 20,
  "jitter_cents": 2
}
