{
  "item_name": "opencpop_2018_phrase_031",
  "mel_npy": "D:\\YiYuTongSheng\\data\\svs\\segments\\opencpop_2018_phrase_031.mel.npy",
  "mel_min": -5.977122783660889,
  "mel_max": -0.6464328765869141,
  "mel_mean": -3.0251007080078125,
  "mel_std": 0.7168952822685242,
  "mel_has_nan": false,
  "mel_has_inf": false,
  "mel_shape": [
    1,
    531,
    80
  ],
  "mel": {
    "min": -5.977122783660889,
    "max": -0.6464328765869141,
    "mean": -3.0251007080078125,
    "std": 0.7168952822685242,
    "has_nan": false,
    "has_inf": false,
    "shape": [
      1,
      531,
      80
    ]
  },
  "f0_exists": true,
  "f0_source": "notes_fallback_naturalized",
  "f0_naturalized": true,
  "f0_raw_npy": "D:\\YiYuTongSheng\\data\\svs\\segments\\opencpop_2018_phrase_031.f0_raw.npy",
  "f0_natural_npy": "D:\\YiYuTongSheng\\data\\svs\\segments\\opencpop_2018_phrase_031.f0_natural.npy",
  "f0_raw_min": 220.0,
  "f0_raw_max": 293.6647644042969,
  "f0_raw_mean": 269.3494567871094,
  "f0_raw_std": 22.660459518432617,
  "f0_raw_has_nan": false,
  "f0_raw_has_inf": false,
  "f0_natural_min": 219.59275817871094,
  "f0_natural_max": 296.4352722167969,
  "f0_natural_mean": 269.338134765625,
  "f0_natural_std": 22.561935424804688,
  "f0_natural_has_nan": false,
  "f0_natural_has_inf": false,
  "f0_min": 219.59275817871094,
  "f0_max": 296.4352722167969,
  "f0_mean": 269.338134765625,
  "f0_std": 22.561935424804688,
  "f0_has_nan": false,
  "f0_has_inf": false,
  "f0_shape": [
    1,
    531
  ],
  "f0": {
    "min": 219.59275817871094,
    "max": 296.4352722167969,
    "mean": 269.338134765625,
    "std": 22.561935424804688,
    "has_nan": false,
    "has_inf": false,
    "shape": [
      1,
      531
    ]
  },
  "vibrato_enabled": true,
  "transition_smoothing_ms": 50,
  "vibrato_rate_hz": 5.5,
  "vibrato_depth_cents": 15,
  "tail_fall_cents": 20,
  "jitter_cents": 2
}
