{
  "item_name": "opencpop_2041_phrase_018",
  "mel_npy": "D:\\YiYuTongSheng\\data\\svs\\segments\\opencpop_2041_phrase_018.mel.npy",
  "mel_min": -5.8795247077941895,
  "mel_max": -0.49939727783203125,
  "mel_mean": -2.9023725986480713,
  "mel_std": 0.77207350730896,
  "mel_has_nan": false,
  "mel_has_inf": false,
  "mel_shape": [
    1,
    992,
    80
  ],
  "mel": {
    "min": -5.8795247077941895,
    "max": -0.49939727783203125,
    "mean": -2.9023725986480713,
    "std": 0.77207350730896,
    "has_nan": false,
    "has_inf": false,
    "shape": [
      1,
      992,
      80
    ]
  },
  "f0_exists": true,
  "f0_source": "notes_fallback_naturalized",
  "f0_naturalized": true,
  "f0_raw_npy": "D:\\YiYuTongSheng\\data\\svs\\segments\\opencpop_2041_phrase_018.f0_raw.npy",
  "f0_natural_npy": "D:\\YiYuTongSheng\\data\\svs\\segments\\opencpop_2041_phrase_018.f0_natural.npy",
  "f0_raw_min": 195.99771118164062,
  "f0_raw_max": 466.16375732421875,
  "f0_raw_mean": 308.6415100097656,
  "f0_raw_std": 64.93144989013672,
  "f0_raw_has_nan": false,
  "f0_raw_has_inf": false,
  "f0_natural_min": 194.36614990234375,
  "f0_natural_max": 466.90130615234375,
  "f0_natural_mean": 308.5718994140625,
  "f0_natural_std": 64.64759826660156,
  "f0_natural_has_nan": false,
  "f0_natural_has_inf": false,
  "f0_min": 194.36614990234375,
  "f0_max": 466.90130615234375,
  "f0_mean": 308.5718994140625,
  "f0_std": 64.64759826660156,
  "f0_has_nan": false,
  "f0_has_inf": false,
  "f0_shape": [
    1,
    992
  ],
  "f0": {
    "min": 194.36614990234375,
    "max": 466.90130615234375,
    "mean": 308.5718994140625,
    "std": 64.64759826660156,
    "has_nan": false,
    "has_inf": false,
    "shape": [
      1,
      992
    ]
  },
  "vibrato_enabled": true,
  "transition_smoothing_ms": 50,
  "vibrato_rate_hz": 5.5,
  "vibrato_depth_cents": 15,
  "tail_fall_cents": 20,
  "jitter_cents": 2
}
