{
  "item_name": "opencpop_2018_phrase_041",
  "mel_npy": "D:\\YiYuTongSheng\\data\\svs\\segments\\opencpop_2018_phrase_041.mel.npy",
  "mel_min": -6.033588409423828,
  "mel_max": -0.7138543128967285,
  "mel_mean": -2.9584763050079346,
  "mel_std": 0.8009039163589478,
  "mel_has_nan": false,
  "mel_has_inf": false,
  "mel_shape": [
    1,
    1151,
    80
  ],
  "mel": {
    "min": -6.033588409423828,
    "max": -0.7138543128967285,
    "mean": -2.9584763050079346,
    "std": 0.8009039163589478,
    "has_nan": false,
    "has_inf": false,
    "shape": [
      1,
      1151,
      80
    ]
  },
  "f0_exists": true,
  "f0_source": "notes_fallback_naturalized",
  "f0_naturalized": true,
  "f0_raw_npy": "D:\\YiYuTongSheng\\data\\svs\\segments\\opencpop_2018_phrase_041.f0_raw.npy",
  "f0_natural_npy": "D:\\YiYuTongSheng\\data\\svs\\segments\\opencpop_2018_phrase_041.f0_natural.npy",
  "f0_raw_min": 220.0,
  "f0_raw_max": 329.6275634765625,
  "f0_raw_mean": 303.2817077636719,
  "f0_raw_std": 33.31943893432617,
  "f0_raw_has_nan": false,
  "f0_raw_has_inf": false,
  "f0_natural_min": 219.79110717773438,
  "f0_natural_max": 333.0364074707031,
  "f0_natural_mean": 303.24298095703125,
  "f0_natural_std": 33.15699005126953,
  "f0_natural_has_nan": false,
  "f0_natural_has_inf": false,
  "f0_min": 219.79110717773438,
  "f0_max": 333.0364074707031,
  "f0_mean": 303.24298095703125,
  "f0_std": 33.15699005126953,
  "f0_has_nan": false,
  "f0_has_inf": false,
  "f0_shape": [
    1,
    1151
  ],
  "f0": {
    "min": 219.79110717773438,
    "max": 333.0364074707031,
    "mean": 303.24298095703125,
    "std": 33.15699005126953,
    "has_nan": false,
    "has_inf": false,
    "shape": [
      1,
      1151
    ]
  },
  "vibrato_enabled": true,
  "transition_smoothing_ms": 50,
  "vibrato_rate_hz": 5.5,
  "vibrato_depth_cents": 15,
  "tail_fall_cents": 20,
  "jitter_cents": 2
}
