{
  "item_name": "opencpop_2018_phrase_037",
  "mel_npy": "D:\\YiYuTongSheng\\data\\svs\\segments\\opencpop_2018_phrase_037.mel.npy",
  "mel_min": -5.919913291931152,
  "mel_max": -0.654106616973877,
  "mel_mean": -2.9370486736297607,
  "mel_std": 0.7734543085098267,
  "mel_has_nan": false,
  "mel_has_inf": false,
  "mel_shape": [
    1,
    832,
    80
  ],
  "mel": {
    "min": -5.919913291931152,
    "max": -0.654106616973877,
    "mean": -2.9370486736297607,
    "std": 0.7734543085098267,
    "has_nan": false,
    "has_inf": false,
    "shape": [
      1,
      832,
      80
    ]
  },
  "f0_exists": true,
  "f0_source": "notes_fallback_naturalized",
  "f0_naturalized": true,
  "f0_raw_npy": "D:\\YiYuTongSheng\\data\\svs\\segments\\opencpop_2018_phrase_037.f0_raw.npy",
  "f0_natural_npy": "D:\\YiYuTongSheng\\data\\svs\\segments\\opencpop_2018_phrase_037.f0_natural.npy",
  "f0_raw_min": 207.65234375,
  "f0_raw_max": 293.6647644042969,
  "f0_raw_mean": 260.4142761230469,
  "f0_raw_std": 32.748470306396484,
  "f0_raw_has_nan": false,
  "f0_raw_has_inf": false,
  "f0_natural_min": 205.91033935546875,
  "f0_natural_max": 297.056396484375,
  "f0_natural_mean": 260.4093933105469,
  "f0_natural_std": 32.67021179199219,
  "f0_natural_has_nan": false,
  "f0_natural_has_inf": false,
  "f0_min": 205.91033935546875,
  "f0_max": 297.056396484375,
  "f0_mean": 260.4093933105469,
  "f0_std": 32.67021179199219,
  "f0_has_nan": false,
  "f0_has_inf": false,
  "f0_shape": [
    1,
    832
  ],
  "f0": {
    "min": 205.91033935546875,
    "max": 297.056396484375,
    "mean": 260.4093933105469,
    "std": 32.67021179199219,
    "has_nan": false,
    "has_inf": false,
    "shape": [
      1,
      832
    ]
  },
  "vibrato_enabled": true,
  "transition_smoothing_ms": 50,
  "vibrato_rate_hz": 5.5,
  "vibrato_depth_cents": 15,
  "tail_fall_cents": 20,
  "jitter_cents": 2
}
