{
  "item_name": "opencpop_2037_phrase_014",
  "mel_npy": "D:\\YiYuTongSheng\\data\\svs\\segments\\opencpop_2037_phrase_014.mel.npy",
  "mel_min": -5.323514461517334,
  "mel_max": -0.39210987091064453,
  "mel_mean": -2.555840492248535,
  "mel_std": 0.8114166855812073,
  "mel_has_nan": false,
  "mel_has_inf": false,
  "mel_shape": [
    1,
    736,
    80
  ],
  "mel": {
    "min": -5.323514461517334,
    "max": -0.39210987091064453,
    "mean": -2.555840492248535,
    "std": 0.8114166855812073,
    "has_nan": false,
    "has_inf": false,
    "shape": [
      1,
      736,
      80
    ]
  },
  "f0_exists": true,
  "f0_source": "notes_fallback_naturalized",
  "f0_naturalized": true,
  "f0_raw_npy": "D:\\YiYuTongSheng\\data\\svs\\segments\\opencpop_2037_phrase_014.f0_raw.npy",
  "f0_natural_npy": "D:\\YiYuTongSheng\\data\\svs\\segments\\opencpop_2037_phrase_014.f0_natural.npy",
  "f0_raw_min": 220.0,
  "f0_raw_max": 440.0,
  "f0_raw_mean": 291.64764404296875,
  "f0_raw_std": 71.09193420410156,
  "f0_raw_has_nan": false,
  "f0_raw_has_inf": false,
  "f0_natural_min": 216.84796142578125,
  "f0_natural_max": 443.6572265625,
  "f0_natural_mean": 291.6789245605469,
  "f0_natural_std": 70.7567367553711,
  "f0_natural_has_nan": false,
  "f0_natural_has_inf": false,
  "f0_min": 216.84796142578125,
  "f0_max": 443.6572265625,
  "f0_mean": 291.6789245605469,
  "f0_std": 70.7567367553711,
  "f0_has_nan": false,
  "f0_has_inf": false,
  "f0_shape": [
    1,
    736
  ],
  "f0": {
    "min": 216.84796142578125,
    "max": 443.6572265625,
    "mean": 291.6789245605469,
    "std": 70.7567367553711,
    "has_nan": false,
    "has_inf": false,
    "shape": [
      1,
      736
    ]
  },
  "vibrato_enabled": true,
  "transition_smoothing_ms": 50,
  "vibrato_rate_hz": 5.5,
  "vibrato_depth_cents": 15,
  "tail_fall_cents": 20,
  "jitter_cents": 2
}
