{
  "item_name": "opencpop_2001_phrase_004",
  "mel_npy": "D:\\YiYuTongSheng\\data\\svs\\segments\\opencpop_2001_phrase_004.mel.npy",
  "mel_min": -5.7721405029296875,
  "mel_max": -0.8158354759216309,
  "mel_mean": -3.2083475589752197,
  "mel_std": 0.7367072105407715,
  "mel_has_nan": false,
  "mel_has_inf": false,
  "mel_shape": [
    1,
    920,
    80
  ],
  "mel": {
    "min": -5.7721405029296875,
    "max": -0.8158354759216309,
    "mean": -3.2083475589752197,
    "std": 0.7367072105407715,
    "has_nan": false,
    "has_inf": false,
    "shape": [
      1,
      920,
      80
    ]
  },
  "f0_exists": true,
  "f0_source": "notes_fallback_naturalized",
  "f0_naturalized": true,
  "f0_raw_npy": "D:\\YiYuTongSheng\\data\\svs\\segments\\opencpop_2001_phrase_004.f0_raw.npy",
  "f0_natural_npy": "D:\\YiYuTongSheng\\data\\svs\\segments\\opencpop_2001_phrase_004.f0_natural.npy",
  "f0_raw_min": 246.941650390625,
  "f0_raw_max": 415.3046875,
  "f0_raw_mean": 313.3272399902344,
  "f0_raw_std": 73.11389923095703,
  "f0_raw_has_nan": false,
  "f0_raw_has_inf": false,
  "f0_natural_min": 244.43109130859375,
  "f0_natural_max": 419.4440002441406,
  "f0_natural_mean": 313.2358703613281,
  "f0_natural_std": 72.51737976074219,
  "f0_natural_has_nan": false,
  "f0_natural_has_inf": false,
  "f0_min": 244.43109130859375,
  "f0_max": 419.4440002441406,
  "f0_mean": 313.2358703613281,
  "f0_std": 72.51737976074219,
  "f0_has_nan": false,
  "f0_has_inf": false,
  "f0_shape": [
    1,
    920
  ],
  "f0": {
    "min": 244.43109130859375,
    "max": 419.4440002441406,
    "mean": 313.2358703613281,
    "std": 72.51737976074219,
    "has_nan": false,
    "has_inf": false,
    "shape": [
      1,
      920
    ]
  },
  "vibrato_enabled": true,
  "transition_smoothing_ms": 50,
  "vibrato_rate_hz": 5.5,
  "vibrato_depth_cents": 15,
  "tail_fall_cents": 20,
  "jitter_cents": 2
}
