{
  "item_name": "opencpop_2041_phrase_021",
  "mel_npy": "D:\\YiYuTongSheng\\data\\svs\\segments\\opencpop_2041_phrase_021.mel.npy",
  "mel_min": -6.186167240142822,
  "mel_max": -0.4597911834716797,
  "mel_mean": -2.9540340900421143,
  "mel_std": 0.8654117584228516,
  "mel_has_nan": false,
  "mel_has_inf": false,
  "mel_shape": [
    1,
    1026,
    80
  ],
  "mel": {
    "min": -6.186167240142822,
    "max": -0.4597911834716797,
    "mean": -2.9540340900421143,
    "std": 0.8654117584228516,
    "has_nan": false,
    "has_inf": false,
    "shape": [
      1,
      1026,
      80
    ]
  },
  "f0_exists": true,
  "f0_source": "notes_fallback_naturalized",
  "f0_naturalized": true,
  "f0_raw_npy": "D:\\YiYuTongSheng\\data\\svs\\segments\\opencpop_2041_phrase_021.f0_raw.npy",
  "f0_natural_npy": "D:\\YiYuTongSheng\\data\\svs\\segments\\opencpop_2041_phrase_021.f0_natural.npy",
  "f0_raw_min": 220.0,
  "f0_raw_max": 466.16375732421875,
  "f0_raw_mean": 316.3263854980469,
  "f0_raw_std": 86.39704132080078,
  "f0_raw_has_nan": false,
  "f0_raw_has_inf": false,
  "f0_natural_min": 219.6189422607422,
  "f0_natural_max": 471.3398132324219,
  "f0_natural_mean": 316.3436584472656,
  "f0_natural_std": 86.10055541992188,
  "f0_natural_has_nan": false,
  "f0_natural_has_inf": false,
  "f0_min": 219.6189422607422,
  "f0_max": 471.3398132324219,
  "f0_mean": 316.3436584472656,
  "f0_std": 86.10055541992188,
  "f0_has_nan": false,
  "f0_has_inf": false,
  "f0_shape": [
    1,
    1026
  ],
  "f0": {
    "min": 219.6189422607422,
    "max": 471.3398132324219,
    "mean": 316.3436584472656,
    "std": 86.10055541992188,
    "has_nan": false,
    "has_inf": false,
    "shape": [
      1,
      1026
    ]
  },
  "vibrato_enabled": true,
  "transition_smoothing_ms": 50,
  "vibrato_rate_hz": 5.5,
  "vibrato_depth_cents": 15,
  "tail_fall_cents": 20,
  "jitter_cents": 2
}
