{
  "item_name": "opencpop_2018_phrase_045",
  "mel_npy": "D:\\YiYuTongSheng\\data\\svs\\segments\\opencpop_2018_phrase_045.mel.npy",
  "mel_min": -6.080681800842285,
  "mel_max": -0.6473259925842285,
  "mel_mean": -2.957803964614868,
  "mel_std": 0.751781165599823,
  "mel_has_nan": false,
  "mel_has_inf": false,
  "mel_shape": [
    1,
    532,
    80
  ],
  "mel": {
    "min": -6.080681800842285,
    "max": -0.6473259925842285,
    "mean": -2.957803964614868,
    "std": 0.751781165599823,
    "has_nan": false,
    "has_inf": false,
    "shape": [
      1,
      532,
      80
    ]
  },
  "f0_exists": true,
  "f0_source": "notes_fallback_naturalized",
  "f0_naturalized": true,
  "f0_raw_npy": "D:\\YiYuTongSheng\\data\\svs\\segments\\opencpop_2018_phrase_045.f0_raw.npy",
  "f0_natural_npy": "D:\\YiYuTongSheng\\data\\svs\\segments\\opencpop_2018_phrase_045.f0_natural.npy",
  "f0_raw_min": 246.941650390625,
  "f0_raw_max": 369.9944152832031,
  "f0_raw_mean": 302.6589050292969,
  "f0_raw_std": 36.16337585449219,
  "f0_raw_has_nan": false,
  "f0_raw_has_inf": false,
  "f0_natural_min": 246.4845428466797,
  "f0_natural_max": 370.3559875488281,
  "f0_natural_mean": 302.6258239746094,
  "f0_natural_std": 35.8587760925293,
  "f0_natural_has_nan": false,
  "f0_natural_has_inf": false,
  "f0_min": 246.4845428466797,
  "f0_max": 370.3559875488281,
  "f0_mean": 302.6258239746094,
  "f0_std": 35.8587760925293,
  "f0_has_nan": false,
  "f0_has_inf": false,
  "f0_shape": [
    1,
    532
  ],
  "f0": {
    "min": 246.4845428466797,
    "max": 370.3559875488281,
    "mean": 302.6258239746094,
    "std": 35.8587760925293,
    "has_nan": false,
    "has_inf": false,
    "shape": [
      1,
      532
    ]
  },
  "vibrato_enabled": true,
  "transition_smoothing_ms": 50,
  "vibrato_rate_hz": 5.5,
  "vibrato_depth_cents": 15,
  "tail_fall_cents": 20,
  "jitter_cents": 2
}
