{
  "item_name": "opencpop_2041_phrase_004",
  "mel_npy": "D:\\YiYuTongSheng\\data\\svs\\segments\\opencpop_2041_phrase_004.mel.npy",
  "mel_min": -5.619659900665283,
  "mel_max": -0.5589661598205566,
  "mel_mean": -2.947617292404175,
  "mel_std": 0.7343465685844421,
  "mel_has_nan": false,
  "mel_has_inf": false,
  "mel_shape": [
    1,
    859,
    80
  ],
  "mel": {
    "min": -5.619659900665283,
    "max": -0.5589661598205566,
    "mean": -2.947617292404175,
    "std": 0.7343465685844421,
    "has_nan": false,
    "has_inf": false,
    "shape": [
      1,
      859,
      80
    ]
  },
  "f0_exists": true,
  "f0_source": "notes_fallback_naturalized",
  "f0_naturalized": true,
  "f0_raw_npy": "D:\\YiYuTongSheng\\data\\svs\\segments\\opencpop_2041_phrase_004.f0_raw.npy",
  "f0_natural_npy": "D:\\YiYuTongSheng\\data\\svs\\segments\\opencpop_2041_phrase_004.f0_natural.npy",
  "f0_raw_min": 195.99771118164062,
  "f0_raw_max": 349.2282409667969,
  "f0_raw_mean": 271.6081848144531,
  "f0_raw_std": 38.265193939208984,
  "f0_raw_has_nan": false,
  "f0_raw_has_inf": false,
  "f0_natural_min": 195.63490295410156,
  "f0_natural_max": 349.5941467285156,
  "f0_natural_mean": 271.57171630859375,
  "f0_natural_std": 38.05708312988281,
  "f0_natural_has_nan": false,
  "f0_natural_has_inf": false,
  "f0_min": 195.63490295410156,
  "f0_max": 349.5941467285156,
  "f0_mean": 271.57171630859375,
  "f0_std": 38.05708312988281,
  "f0_has_nan": false,
  "f0_has_inf": false,
  "f0_shape": [
    1,
    859
  ],
  "f0": {
    "min": 195.63490295410156,
    "max": 349.5941467285156,
    "mean": 271.57171630859375,
    "std": 38.05708312988281,
    "has_nan": false,
    "has_inf": false,
    "shape": [
      1,
      859
    ]
  },
  "vibrato_enabled": true,
  "transition_smoothing_ms": 50,
  "vibrato_rate_hz": 5.5,
  "vibrato_depth_cents": 15,
  "tail_fall_cents": 20,
  "jitter_cents": 2
}
