{
  "item_name": "opencpop_2018_phrase_020",
  "mel_npy": "D:\\YiYuTongSheng\\data\\svs\\segments\\opencpop_2018_phrase_020.mel.npy",
  "mel_min": -5.702574253082275,
  "mel_max": -0.4770517349243164,
  "mel_mean": -2.9305174350738525,
  "mel_std": 0.792435348033905,
  "mel_has_nan": false,
  "mel_has_inf": false,
  "mel_shape": [
    1,
    989,
    80
  ],
  "mel": {
    "min": -5.702574253082275,
    "max": -0.4770517349243164,
    "mean": -2.9305174350738525,
    "std": 0.792435348033905,
    "has_nan": false,
    "has_inf": false,
    "shape": [
      1,
      989,
      80
    ]
  },
  "f0_exists": true,
  "f0_source": "notes_fallback_naturalized",
  "f0_naturalized": true,
  "f0_raw_npy": "D:\\YiYuTongSheng\\data\\svs\\segments\\opencpop_2018_phrase_020.f0_raw.npy",
  "f0_natural_npy": "D:\\YiYuTongSheng\\data\\svs\\segments\\opencpop_2018_phrase_020.f0_natural.npy",
  "f0_raw_min": 329.6275634765625,
  "f0_raw_max": 554.365234375,
  "f0_raw_mean": 453.08929443359375,
  "f0_raw_std": 61.959068298339844,
  "f0_raw_has_nan": false,
  "f0_raw_has_inf": false,
  "f0_natural_min": 326.6385498046875,
  "f0_natural_max": 559.8018188476562,
  "f0_natural_mean": 453.048828125,
  "f0_natural_std": 61.70332336425781,
  "f0_natural_has_nan": false,
  "f0_natural_has_inf": false,
  "f0_min": 326.6385498046875,
  "f0_max": 559.8018188476562,
  "f0_mean": 453.048828125,
  "f0_std": 61.70332336425781,
  "f0_has_nan": false,
  "f0_has_inf": false,
  "f0_shape": [
    1,
    989
  ],
  "f0": {
    "min": 326.6385498046875,
    "max": 559.8018188476562,
    "mean": 453.048828125,
    "std": 61.70332336425781,
    "has_nan": false,
    "has_inf": false,
    "shape": [
      1,
      989
    ]
  },
  "vibrato_enabled": true,
  "transition_smoothing_ms": 50,
  "vibrato_rate_hz": 5.5,
  "vibrato_depth_cents": 15,
  "tail_fall_cents": 20,
  "jitter_cents": 2
}
