{
  "item_name": "opencpop_2014_phrase_039",
  "mel_npy": "D:\\YiYuTongSheng\\data\\svs\\segments\\opencpop_2014_phrase_039.mel.npy",
  "mel_min": -5.962347030639648,
  "mel_max": -0.6208066940307617,
  "mel_mean": -2.8831896781921387,
  "mel_std": 0.842642068862915,
  "mel_has_nan": false,
  "mel_has_inf": false,
  "mel_shape": [
    1,
    1095,
    80
  ],
  "mel": {
    "min": -5.962347030639648,
    "max": -0.6208066940307617,
    "mean": -2.8831896781921387,
    "std": 0.842642068862915,
    "has_nan": false,
    "has_inf": false,
    "shape": [
      1,
      1095,
      80
    ]
  },
  "f0_exists": true,
  "f0_source": "notes_fallback_naturalized",
  "f0_naturalized": true,
  "f0_raw_npy": "D:\\YiYuTongSheng\\data\\svs\\segments\\opencpop_2014_phrase_039.f0_raw.npy",
  "f0_natural_npy": "D:\\YiYuTongSheng\\data\\svs\\segments\\opencpop_2014_phrase_039.f0_natural.npy",
  "f0_raw_min": 233.08187866210938,
  "f0_raw_max": 466.16375732421875,
  "f0_raw_mean": 349.58209228515625,
  "f0_raw_std": 84.96101379394531,
  "f0_raw_has_nan": false,
  "f0_raw_has_inf": false,
  "f0_natural_min": 230.96539306640625,
  "f0_natural_max": 470.020751953125,
  "f0_natural_mean": 349.4832458496094,
  "f0_natural_std": 84.54376983642578,
  "f0_natural_has_nan": false,
  "f0_natural_has_inf": false,
  "f0_min": 230.96539306640625,
  "f0_max": 470.020751953125,
  "f0_mean": 349.4832458496094,
  "f0_std": 84.54376983642578,
  "f0_has_nan": false,
  "f0_has_inf": false,
  "f0_shape": [
    1,
    1095
  ],
  "f0": {
    "min": 230.96539306640625,
    "max": 470.020751953125,
    "mean": 349.4832458496094,
    "std": 84.54376983642578,
    "has_nan": false,
    "has_inf": false,
    "shape": [
      1,
      1095
    ]
  },
  "vibrato_enabled": true,
  "transition_smoothing_ms": 50,
  "vibrato_rate_hz": 5.5,
  "vibrato_depth_cents": 15,
  "tail_fall_cents": 20,
  "jitter_cents": 2
}
