{
  "item_name": "opencpop_2018_phrase_052",
  "mel_npy": "D:\\YiYuTongSheng\\data\\svs\\segments\\opencpop_2018_phrase_052.mel.npy",
  "mel_min": -5.3620100021362305,
  "mel_max": -0.5090703964233398,
  "mel_mean": -2.85929274559021,
  "mel_std": 0.7533213496208191,
  "mel_has_nan": false,
  "mel_has_inf": false,
  "mel_shape": [
    1,
    414,
    80
  ],
  "mel": {
    "min": -5.3620100021362305,
    "max": -0.5090703964233398,
    "mean": -2.85929274559021,
    "std": 0.7533213496208191,
    "has_nan": false,
    "has_inf": false,
    "shape": [
      1,
      414,
      80
    ]
  },
  "f0_exists": true,
  "f0_source": "notes_fallback_naturalized",
  "f0_naturalized": true,
  "f0_raw_npy": "D:\\YiYuTongSheng\\data\\svs\\segments\\opencpop_2018_phrase_052.f0_raw.npy",
  "f0_natural_npy": "D:\\YiYuTongSheng\\data\\svs\\segments\\opencpop_2018_phrase_052.f0_natural.npy",
  "f0_raw_min": 349.2282409667969,
  "f0_raw_max": 554.365234375,
  "f0_raw_mean": 425.3706970214844,
  "f0_raw_std": 75.34844207763672,
  "f0_raw_has_nan": false,
  "f0_raw_has_inf": false,
  "f0_natural_min": 346.43353271484375,
  "f0_natural_max": 558.9199829101562,
  "f0_natural_mean": 425.26531982421875,
  "f0_natural_std": 74.47763061523438,
  "f0_natural_has_nan": false,
  "f0_natural_has_inf": false,
  "f0_min": 346.43353271484375,
  "f0_max": 558.9199829101562,
  "f0_mean": 425.26531982421875,
  "f0_std": 74.47763061523438,
  "f0_has_nan": false,
  "f0_has_inf": false,
  "f0_shape": [
    1,
    414
  ],
  "f0": {
    "min": 346.43353271484375,
    "max": 558.9199829101562,
    "mean": 425.26531982421875,
    "std": 74.47763061523438,
    "has_nan": false,
    "has_inf": false,
    "shape": [
      1,
      414
    ]
  },
  "vibrato_enabled": true,
  "transition_smoothing_ms": 50,
  "vibrato_rate_hz": 5.5,
  "vibrato_depth_cents": 15,
  "tail_fall_cents": 20,
  "jitter_cents": 2
}
