{
  "item_name": "opencpop_2014_phrase_017",
  "mel_npy": "D:\\YiYuTongSheng\\data\\svs\\segments\\opencpop_2014_phrase_017.mel.npy",
  "mel_min": -5.614160537719727,
  "mel_max": -0.6901583671569824,
  "mel_mean": -2.996229887008667,
  "mel_std": 0.7012426257133484,
  "mel_has_nan": false,
  "mel_has_inf": false,
  "mel_shape": [
    1,
    783,
    80
  ],
  "mel": {
    "min": -5.614160537719727,
    "max": -0.6901583671569824,
    "mean": -2.996229887008667,
    "std": 0.7012426257133484,
    "has_nan": false,
    "has_inf": false,
    "shape": [
      1,
      783,
      80
    ]
  },
  "f0_exists": true,
  "f0_source": "notes_fallback_naturalized",
  "f0_naturalized": true,
  "f0_raw_npy": "D:\\YiYuTongSheng\\data\\svs\\segments\\opencpop_2014_phrase_017.f0_raw.npy",
  "f0_natural_npy": "D:\\YiYuTongSheng\\data\\svs\\segments\\opencpop_2014_phrase_017.f0_natural.npy",
  "f0_raw_min": 195.99771118164062,
  "f0_raw_max": 311.1269836425781,
  "f0_raw_mean": 259.33294677734375,
  "f0_raw_std": 45.853858947753906,
  "f0_raw_has_nan": false,
  "f0_raw_has_inf": false,
  "f0_natural_min": 194.1702117919922,
  "f0_natural_max": 314.05523681640625,
  "f0_natural_mean": 259.3128662109375,
  "f0_natural_std": 45.7119140625,
  "f0_natural_has_nan": false,
  "f0_natural_has_inf": false,
  "f0_min": 194.1702117919922,
  "f0_max": 314.05523681640625,
  "f0_mean": 259.3128662109375,
  "f0_std": 45.7119140625,
  "f0_has_nan": false,
  "f0_has_inf": false,
  "f0_shape": [
    1,
    783
  ],
  "f0": {
    "min": 194.1702117919922,
    "max": 314.05523681640625,
    "mean": 259.3128662109375,
    "std": 45.7119140625,
    "has_nan": false,
    "has_inf": false,
    "shape": [
      1,
      783
    ]
  },
  "vibrato_enabled": true,
  "transition_smoothing_ms": 50,
  "vibrato_rate_hz": 5.5,
  "vibrato_depth_cents": 15,
  "tail_fall_cents": 20,
  "jitter_cents": 2
}
