{
  "item_name": "opencpop_2014_phrase_037",
  "mel_npy": "D:\\YiYuTongSheng\\data\\svs\\segments\\opencpop_2014_phrase_037.mel.npy",
  "mel_min": -5.764163494110107,
  "mel_max": -0.47295522689819336,
  "mel_mean": -2.836181163787842,
  "mel_std": 0.8160780668258667,
  "mel_has_nan": false,
  "mel_has_inf": false,
  "mel_shape": [
    1,
    1164,
    80
  ],
  "mel": {
    "min": -5.764163494110107,
    "max": -0.47295522689819336,
    "mean": -2.836181163787842,
    "std": 0.8160780668258667,
    "has_nan": false,
    "has_inf": false,
    "shape": [
      1,
      1164,
      80
    ]
  },
  "f0_exists": true,
  "f0_source": "notes_fallback_naturalized",
  "f0_naturalized": true,
  "f0_raw_npy": "D:\\YiYuTongSheng\\data\\svs\\segments\\opencpop_2014_phrase_037.f0_raw.npy",
  "f0_natural_npy": "D:\\YiYuTongSheng\\data\\svs\\segments\\opencpop_2014_phrase_037.f0_natural.npy",
  "f0_raw_min": 261.6255798339844,
  "f0_raw_max": 523.2511596679688,
  "f0_raw_mean": 372.4452209472656,
  "f0_raw_std": 83.94864654541016,
  "f0_raw_has_nan": false,
  "f0_raw_has_inf": false,
  "f0_natural_min": 259.47467041015625,
  "f0_natural_max": 528.2382202148438,
  "f0_natural_mean": 372.4244689941406,
  "f0_natural_std": 83.43514251708984,
  "f0_natural_has_nan": false,
  "f0_natural_has_inf": false,
  "f0_min": 259.47467041015625,
  "f0_max": 528.2382202148438,
  "f0_mean": 372.4244689941406,
  "f0_std": 83.43514251708984,
  "f0_has_nan": false,
  "f0_has_inf": false,
  "f0_shape": [
    1,
    1164
  ],
  "f0": {
    "min": 259.47467041015625,
    "max": 528.2382202148438,
    "mean": 372.4244689941406,
    "std": 83.43514251708984,
    "has_nan": false,
    "has_inf": false,
    "shape": [
      1,
      1164
    ]
  },
  "vibrato_enabled": true,
  "transition_smoothing_ms": 50,
  "vibrato_rate_hz": 5.5,
  "vibrato_depth_cents": 15,
  "tail_fall_cents": 20,
  "jitter_cents": 2
}
