{
  "item_name": "opencpop_2037_phrase_008",
  "mel_npy": "D:\\YiYuTongSheng\\data\\svs\\segments\\opencpop_2037_phrase_008.mel.npy",
  "mel_min": -5.885547161102295,
  "mel_max": -0.35672807693481445,
  "mel_mean": -2.6281723976135254,
  "mel_std": 0.8234180808067322,
  "mel_has_nan": false,
  "mel_has_inf": false,
  "mel_shape": [
    1,
    583,
    80
  ],
  "mel": {
    "min": -5.885547161102295,
    "max": -0.35672807693481445,
    "mean": -2.6281723976135254,
    "std": 0.8234180808067322,
    "has_nan": false,
    "has_inf": false,
    "shape": [
      1,
      583,
      80
    ]
  },
  "f0_exists": true,
  "f0_source": "notes_fallback_naturalized",
  "f0_naturalized": true,
  "f0_raw_npy": "D:\\YiYuTongSheng\\data\\svs\\segments\\opencpop_2037_phrase_008.f0_raw.npy",
  "f0_natural_npy": "D:\\YiYuTongSheng\\data\\svs\\segments\\opencpop_2037_phrase_008.f0_natural.npy",
  "f0_raw_min": 246.941650390625,
  "f0_raw_max": 440.0,
  "f0_raw_mean": 366.57470703125,
  "f0_raw_std": 65.64274597167969,
  "f0_raw_has_nan": false,
  "f0_raw_has_inf": false,
  "f0_natural_min": 244.89337158203125,
  "f0_natural_max": 440.8691711425781,
  "f0_natural_mean": 366.6350402832031,
  "f0_natural_std": 65.34254455566406,
  "f0_natural_has_nan": false,
  "f0_natural_has_inf": false,
  "f0_min": 244.89337158203125,
  "f0_max": 440.8691711425781,
  "f0_mean": 366.6350402832031,
  "f0_std": 65.34254455566406,
  "f0_has_nan": false,
  "f0_has_inf": false,
  "f0_shape": [
    1,
    583
  ],
  "f0": {
    "min": 244.89337158203125,
    "max": 440.8691711425781,
    "mean": 366.6350402832031,
    "std": 65.34254455566406,
    "has_nan": false,
    "has_inf": false,
    "shape": [
      1,
      583
    ]
  },
  "vibrato_enabled": true,
  "transition_smoothing_ms": 50,
  "vibrato_rate_hz": 5.5,
  "vibrato_depth_cents": 15,
  "tail_fall_cents": 20,
  "jitter_cents": 2
}
