{
  "item_name": "opencpop_2018_phrase_013",
  "mel_npy": "D:\\YiYuTongSheng\\data\\svs\\segments\\opencpop_2018_phrase_013.mel.npy",
  "mel_min": -5.778573513031006,
  "mel_max": -0.5985493659973145,
  "mel_mean": -2.9491565227508545,
  "mel_std": 0.7633775472640991,
  "mel_has_nan": false,
  "mel_has_inf": false,
  "mel_shape": [
    1,
    811,
    80
  ],
  "mel": {
    "min": -5.778573513031006,
    "max": -0.5985493659973145,
    "mean": -2.9491565227508545,
    "std": 0.7633775472640991,
    "has_nan": false,
    "has_inf": false,
    "shape": [
      1,
      811,
      80
    ]
  },
  "f0_exists": true,
  "f0_source": "notes_fallback_naturalized",
  "f0_naturalized": true,
  "f0_raw_npy": "D:\\YiYuTongSheng\\data\\svs\\segments\\opencpop_2018_phrase_013.f0_raw.npy",
  "f0_natural_npy": "D:\\YiYuTongSheng\\data\\svs\\segments\\opencpop_2018_phrase_013.f0_natural.npy",
  "f0_raw_min": 207.65234375,
  "f0_raw_max": 293.6647644042969,
  "f0_raw_mean": 261.77117919921875,
  "f0_raw_std": 32.334938049316406,
  "f0_raw_has_nan": false,
  "f0_raw_has_inf": false,
  "f0_natural_min": 206.01573181152344,
  "f0_natural_max": 296.80963134765625,
  "f0_natural_mean": 261.7445373535156,
  "f0_natural_std": 32.27763748168945,
  "f0_natural_has_nan": false,
  "f0_natural_has_inf": false,
  "f0_min": 206.01573181152344,
  "f0_max": 296.80963134765625,
  "f0_mean": 261.7445373535156,
  "f0_std": 32.27763748168945,
  "f0_has_nan": false,
  "f0_has_inf": false,
  "f0_shape": [
    1,
    811
  ],
  "f0": {
    "min": 206.01573181152344,
    "max": 296.80963134765625,
    "mean": 261.7445373535156,
    "std": 32.27763748168945,
    "has_nan": false,
    "has_inf": false,
    "shape": [
      1,
      811
    ]
  },
  "vibrato_enabled": true,
  "transition_smoothing_ms": 50,
  "vibrato_rate_hz": 5.5,
  "vibrato_depth_cents": 15,
  "tail_fall_cents": 20,
  "jitter_cents": 2
}
