{
  "item_name": "opencpop_2001_phrase_024",
  "mel_npy": "D:\\YiYuTongSheng\\data\\svs\\segments\\opencpop_2001_phrase_024.mel.npy",
  "mel_min": -5.166454315185547,
  "mel_max": -0.6890110969543457,
  "mel_mean": -2.8642914295196533,
  "mel_std": 0.7610791921615601,
  "mel_has_nan": false,
  "mel_has_inf": false,
  "mel_shape": [
    1,
    655,
    80
  ],
  "mel": {
    "min": -5.166454315185547,
    "max": -0.6890110969543457,
    "mean": -2.8642914295196533,
    "std": 0.7610791921615601,
    "has_nan": false,
    "has_inf": false,
    "shape": [
      1,
      655,
      80
    ]
  },
  "f0_exists": true,
  "f0_source": "notes_fallback_naturalized",
  "f0_naturalized": true,
  "f0_raw_npy": "D:\\YiYuTongSheng\\data\\svs\\segments\\opencpop_2001_phrase_024.f0_raw.npy",
  "f0_natural_npy": "D:\\YiYuTongSheng\\data\\svs\\segments\\opencpop_2001_phrase_024.f0_natural.npy",
  "f0_raw_min": 329.6275634765625,
  "f0_raw_max": 493.88330078125,
  "f0_raw_mean": 403.3994140625,
  "f0_raw_std": 52.067138671875,
  "f0_raw_has_nan": false,
  "f0_raw_has_inf": false,
  "f0_natural_min": 329.01739501953125,
  "f0_natural_max": 498.9405822753906,
  "f0_natural_mean": 403.35577392578125,
  "f0_natural_std": 51.52362823486328,
  "f0_natural_has_nan": false,
  "f0_natural_has_inf": false,
  "f0_min": 329.01739501953125,
  "f0_max": 498.9405822753906,
  "f0_mean": 403.35577392578125,
  "f0_std": 51.52362823486328,
  "f0_has_nan": false,
  "f0_has_inf": false,
  "f0_shape": [
    1,
    655
  ],
  "f0": {
    "min": 329.01739501953125,
    "max": 498.9405822753906,
    "mean": 403.35577392578125,
    "std": 51.52362823486328,
    "has_nan": false,
    "has_inf": false,
    "shape": [
      1,
      655
    ]
  },
  "vibrato_enabled": true,
  "transition_smoothing_ms": 50,
  "vibrato_rate_hz": 5.5,
  "vibrato_depth_cents": 15,
  "tail_fall_cents": 20,
  "jitter_cents": 2
}
