{
  "item_name": "opencpop_2018_phrase_028",
  "mel_npy": "D:\\YiYuTongSheng\\data\\svs\\segments\\opencpop_2018_phrase_028.mel.npy",
  "mel_min": -5.134803295135498,
  "mel_max": -0.522282600402832,
  "mel_mean": -2.8843770027160645,
  "mel_std": 0.7438317537307739,
  "mel_has_nan": false,
  "mel_has_inf": false,
  "mel_shape": [
    1,
    420,
    80
  ],
  "mel": {
    "min": -5.134803295135498,
    "max": -0.522282600402832,
    "mean": -2.8843770027160645,
    "std": 0.7438317537307739,
    "has_nan": false,
    "has_inf": false,
    "shape": [
      1,
      420,
      80
    ]
  },
  "f0_exists": true,
  "f0_source": "notes_fallback_naturalized",
  "f0_naturalized": true,
  "f0_raw_npy": "D:\\YiYuTongSheng\\data\\svs\\segments\\opencpop_2018_phrase_028.f0_raw.npy",
  "f0_natural_npy": "D:\\YiYuTongSheng\\data\\svs\\segments\\opencpop_2018_phrase_028.f0_natural.npy",
  "f0_raw_min": 349.2282409667969,
  "f0_raw_max": 554.365234375,
  "f0_raw_mean": 425.9338684082031,
  "f0_raw_std": 75.29749298095703,
  "f0_raw_has_nan": false,
  "f0_raw_has_inf": false,
  "f0_natural_min": 346.5555114746094,
  "f0_natural_max": 558.9334106445312,
  "f0_natural_mean": 425.8084411621094,
  "f0_natural_std": 74.4151840209961,
  "f0_natural_has_nan": false,
  "f0_natural_has_inf": false,
  "f0_min": 346.5555114746094,
  "f0_max": 558.9334106445312,
  "f0_mean": 425.8084411621094,
  "f0_std": 74.4151840209961,
  "f0_has_nan": false,
  "f0_has_inf": false,
  "f0_shape": [
    1,
    420
  ],
  "f0": {
    "min": 346.5555114746094,
    "max": 558.9334106445312,
    "mean": 425.8084411621094,
    "std": 74.4151840209961,
    "has_nan": false,
    "has_inf": false,
    "shape": [
      1,
      420
    ]
  },
  "vibrato_enabled": true,
  "transition_smoothing_ms": 50,
  "vibrato_rate_hz": 5.5,
  "vibrato_depth_cents": 15,
  "tail_fall_cents": 20,
  "jitter_cents": 2
}
