{
  "item_name": "opencpop_2041_phrase_005",
  "mel_npy": "D:\\YiYuTongSheng\\data\\svs\\segments\\opencpop_2041_phrase_005.mel.npy",
  "mel_min": -5.6357808113098145,
  "mel_max": -0.6147971153259277,
  "mel_mean": -2.992658853530884,
  "mel_std": 0.7921164035797119,
  "mel_has_nan": false,
  "mel_has_inf": false,
  "mel_shape": [
    1,
    900,
    80
  ],
  "mel": {
    "min": -5.6357808113098145,
    "max": -0.6147971153259277,
    "mean": -2.992658853530884,
    "std": 0.7921164035797119,
    "has_nan": false,
    "has_inf": false,
    "shape": [
      1,
      900,
      80
    ]
  },
  "f0_exists": true,
  "f0_source": "notes_fallback_naturalized",
  "f0_naturalized": true,
  "f0_raw_npy": "D:\\YiYuTongSheng\\data\\svs\\segments\\opencpop_2041_phrase_005.f0_raw.npy",
  "f0_natural_npy": "D:\\YiYuTongSheng\\data\\svs\\segments\\opencpop_2041_phrase_005.f0_natural.npy",
  "f0_raw_min": 195.99771118164062,
  "f0_raw_max": 311.1269836425781,
  "f0_raw_mean": 268.5808410644531,
  "f0_raw_std": 27.277551651000977,
  "f0_raw_has_nan": false,
  "f0_raw_has_inf": false,
  "f0_natural_min": 195.63490295410156,
  "f0_natural_max": 310.91790771484375,
  "f0_natural_mean": 268.5103759765625,
  "f0_natural_std": 26.69730567932129,
  "f0_natural_has_nan": false,
  "f0_natural_has_inf": false,
  "f0_min": 195.63490295410156,
  "f0_max": 310.91790771484375,
  "f0_mean": 268.5103759765625,
  "f0_std": 26.69730567932129,
  "f0_has_nan": false,
  "f0_has_inf": false,
  "f0_shape": [
    1,
    900
  ],
  "f0": {
    "min": 195.63490295410156,
    "max": 310.91790771484375,
    "mean": 268.5103759765625,
    "std": 26.69730567932129,
    "has_nan": false,
    "has_inf": false,
    "shape": [
      1,
      900
    ]
  },
  "vibrato_enabled": true,
  "transition_smoothing_ms": 50,
  "vibrato_rate_hz": 5.5,
  "vibrato_depth_cents": 15,
  "tail_fall_cents": 20,
  "jitter_cents": 2
}
