{
  "item_name": "opencpop_2037_phrase_022",
  "mel_npy": "D:\\YiYuTongSheng\\data\\svs\\segments\\opencpop_2037_phrase_022.mel.npy",
  "mel_min": -5.3872389793396,
  "mel_max": -0.42964792251586914,
  "mel_mean": -2.716536283493042,
  "mel_std": 0.7701404690742493,
  "mel_has_nan": false,
  "mel_has_inf": false,
  "mel_shape": [
    1,
    724,
    80
  ],
  "mel": {
    "min": -5.3872389793396,
    "max": -0.42964792251586914,
    "mean": -2.716536283493042,
    "std": 0.7701404690742493,
    "has_nan": false,
    "has_inf": false,
    "shape": [
      1,
      724,
      80
    ]
  },
  "f0_exists": true,
  "f0_source": "notes_fallback_naturalized",
  "f0_naturalized": true,
  "f0_raw_npy": "D:\\YiYuTongSheng\\data\\svs\\segments\\opencpop_2037_phrase_022.f0_raw.npy",
  "f0_natural_npy": "D:\\YiYuTongSheng\\data\\svs\\segments\\opencpop_2037_phrase_022.f0_natural.npy",
  "f0_raw_min": 195.99771118164062,
  "f0_raw_max": 261.6255798339844,
  "f0_raw_mean": 229.6227264404297,
  "f0_raw_std": 25.322216033935547,
  "f0_raw_has_nan": false,
  "f0_raw_has_inf": false,
  "f0_natural_min": 193.3141632080078,
  "f0_natural_max": 263.85748291015625,
  "f0_natural_mean": 229.62940979003906,
  "f0_natural_std": 25.352798461914062,
  "f0_natural_has_nan": false,
  "f0_natural_has_inf": false,
  "f0_min": 193.3141632080078,
  "f0_max": 263.85748291015625,
  "f0_mean": 229.62940979003906,
  "f0_std": 25.352798461914062,
  "f0_has_nan": false,
  "f0_has_inf": false,
  "f0_shape": [
    1,
    724
  ],
  "f0": {
    "min": 193.3141632080078,
    "max": 263.85748291015625,
    "mean": 229.62940979003906,
    "std": 25.352798461914062,
    "has_nan": false,
    "has_inf": false,
    "shape": [
      1,
      724
    ]
  },
  "vibrato_enabled": true,
  "transition_smoothing_ms": 50,
  "vibrato_rate_hz": 5.5,
  "vibrato_depth_cents": 15,
  "tail_fall_cents": 20,
  "jitter_cents": 2
}
