{
  "item_name": "opencpop_2037_phrase_025",
  "mel_npy": "D:\\YiYuTongSheng\\data\\svs\\segments\\opencpop_2037_phrase_025.mel.npy",
  "mel_min": -6.067172050476074,
  "mel_max": -0.32478809356689453,
  "mel_mean": -2.742509603500366,
  "mel_std": 0.8524731993675232,
  "mel_has_nan": false,
  "mel_has_inf": false,
  "mel_shape": [
    1,
    630,
    80
  ],
  "mel": {
    "min": -6.067172050476074,
    "max": -0.32478809356689453,
    "mean": -2.742509603500366,
    "std": 0.8524731993675232,
    "has_nan": false,
    "has_inf": false,
    "shape": [
      1,
      630,
      80
    ]
  },
  "f0_exists": true,
  "f0_source": "notes_fallback_naturalized",
  "f0_naturalized": true,
  "f0_raw_npy": "D:\\YiYuTongSheng\\data\\svs\\segments\\opencpop_2037_phrase_025.f0_raw.npy",
  "f0_natural_npy": "D:\\YiYuTongSheng\\data\\svs\\segments\\opencpop_2037_phrase_025.f0_natural.npy",
  "f0_raw_min": 311.1269836425781,
  "f0_raw_max": 391.99542236328125,
  "f0_raw_mean": 335.4016418457031,
  "f0_raw_std": 23.01844596862793,
  "f0_raw_has_nan": false,
  "f0_raw_has_inf": false,
  "f0_natural_min": 305.9658508300781,
  "f0_natural_max": 392.29107666015625,
  "f0_natural_mean": 335.4376525878906,
  "f0_natural_std": 23.000112533569336,
  "f0_natural_has_nan": false,
  "f0_natural_has_inf": false,
  "f0_min": 305.9658508300781,
  "f0_max": 392.29107666015625,
  "f0_mean": 335.4376525878906,
  "f0_std": 23.000112533569336,
  "f0_has_nan": false,
  "f0_has_inf": false,
  "f0_shape": [
    1,
    630
  ],
  "f0": {
    "min": 305.9658508300781,
    "max": 392.29107666015625,
    "mean": 335.4376525878906,
    "std": 23.000112533569336,
    "has_nan": false,
    "has_inf": false,
    "shape": [
      1,
      630
    ]
  },
  "vibrato_enabled": true,
  "transition_smoothing_ms": 50,
  "vibrato_rate_hz": 5.5,
  "vibrato_depth_cents": 15,
  "tail_fall_cents": 20,
  "jitter_cents": 2
}
