{
  "item_name": "opencpop_2037_phrase_028",
  "mel_npy": "D:\\YiYuTongSheng\\data\\svs\\segments\\opencpop_2037_phrase_028.mel.npy",
  "mel_min": -5.624212741851807,
  "mel_max": -0.32833337783813477,
  "mel_mean": -2.580451011657715,
  "mel_std": 0.8399356603622437,
  "mel_has_nan": false,
  "mel_has_inf": false,
  "mel_shape": [
    1,
    739,
    80
  ],
  "mel": {
    "min": -5.624212741851807,
    "max": -0.32833337783813477,
    "mean": -2.580451011657715,
    "std": 0.8399356603622437,
    "has_nan": false,
    "has_inf": false,
    "shape": [
      1,
      739,
      80
    ]
  },
  "f0_exists": true,
  "f0_source": "notes_fallback_naturalized",
  "f0_naturalized": true,
  "f0_raw_npy": "D:\\YiYuTongSheng\\data\\svs\\segments\\opencpop_2037_phrase_028.f0_raw.npy",
  "f0_natural_npy": "D:\\YiYuTongSheng\\data\\svs\\segments\\opencpop_2037_phrase_028.f0_natural.npy",
  "f0_raw_min": 220.0,
  "f0_raw_max": 440.0,
  "f0_raw_mean": 287.7811279296875,
  "f0_raw_std": 68.5336685180664,
  "f0_raw_has_nan": false,
  "f0_raw_has_inf": false,
  "f0_natural_min": 216.57408142089844,
  "f0_natural_max": 443.6352844238281,
  "f0_natural_mean": 287.81219482421875,
  "f0_natural_std": 68.20947265625,
  "f0_natural_has_nan": false,
  "f0_natural_has_inf": false,
  "f0_min": 216.57408142089844,
  "f0_max": 443.6352844238281,
  "f0_mean": 287.81219482421875,
  "f0_std": 68.20947265625,
  "f0_has_nan": false,
  "f0_has_inf": false,
  "f0_shape": [
    1,
    739
  ],
  "f0": {
    "min": 216.57408142089844,
    "max": 443.6352844238281,
    "mean": 287.81219482421875,
    "std": 68.20947265625,
    "has_nan": false,
    "has_inf": false,
    "shape": [
      1,
      739
    ]
  },
  "vibrato_enabled": true,
  "transition_smoothing_ms": 50,
  "vibrato_rate_hz": 5.5,
  "vibrato_depth_cents": 15,
  "tail_fall_cents": 20,
  "jitter_cents": 2
}
