{
  "item_name": "opencpop_2014_phrase_036",
  "mel_npy": "D:\\YiYuTongSheng\\data\\svs\\segments\\opencpop_2014_phrase_036.mel.npy",
  "mel_min": -5.585371017456055,
  "mel_max": -0.6780309677124023,
  "mel_mean": -2.7742650508880615,
  "mel_std": 0.728304386138916,
  "mel_has_nan": false,
  "mel_has_inf": false,
  "mel_shape": [
    1,
    955,
    80
  ],
  "mel": {
    "min": -5.585371017456055,
    "max": -0.6780309677124023,
    "mean": -2.7742650508880615,
    "std": 0.728304386138916,
    "has_nan": false,
    "has_inf": false,
    "shape": [
      1,
      955,
      80
    ]
  },
  "f0_exists": true,
  "f0_source": "notes_fallback_naturalized",
  "f0_naturalized": true,
  "f0_raw_npy": "D:\\YiYuTongSheng\\data\\svs\\segments\\opencpop_2014_phrase_036.f0_raw.npy",
  "f0_natural_npy": "D:\\YiYuTongSheng\\data\\svs\\segments\\opencpop_2014_phrase_036.f0_natural.npy",
  "f0_raw_min": 261.6255798339844,
  "f0_raw_max": 391.99542236328125,
  "f0_raw_mean": 310.3746032714844,
  "f0_raw_std": 33.90102005004883,
  "f0_raw_has_nan": false,
  "f0_raw_has_inf": false,
  "f0_natural_min": 261.2386779785156,
  "f0_natural_max": 395.9344482421875,
  "f0_natural_mean": 310.35772705078125,
  "f0_natural_std": 33.8248176574707,
  "f0_natural_has_nan": false,
  "f0_natural_has_inf": false,
  "f0_min": 261.2386779785156,
  "f0_max": 395.9344482421875,
  "f0_mean": 310.35772705078125,
  "f0_std": 33.8248176574707,
  "f0_has_nan": false,
  "f0_has_inf": false,
  "f0_shape": [
    1,
    955
  ],
  "f0": {
    "min": 261.2386779785156,
    "max": 395.9344482421875,
    "mean": 310.35772705078125,
    "std": 33.8248176574707,
    "has_nan": false,
    "has_inf": false,
    "shape": [
      1,
      955
    ]
  },
  "vibrato_enabled": true,
  "transition_smoothing_ms": 50,
  "vibrato_rate_hz": 5.5,
  "vibrato_depth_cents": 15,
  "tail_fall_cents": 20,
  "jitter_cents": 2
}
