{
  "item_name": "opencpop_2041_phrase_001",
  "mel_npy": "D:\\YiYuTongSheng\\data\\svs\\segments\\opencpop_2041_phrase_001.mel.npy",
  "mel_min": -5.733964920043945,
  "mel_max": -0.5711336135864258,
  "mel_mean": -2.9445371627807617,
  "mel_std": 0.7928107976913452,
  "mel_has_nan": false,
  "mel_has_inf": false,
  "mel_shape": [
    1,
    1003,
    80
  ],
  "mel": {
    "min": -5.733964920043945,
    "max": -0.5711336135864258,
    "mean": -2.9445371627807617,
    "std": 0.7928107976913452,
    "has_nan": false,
    "has_inf": false,
    "shape": [
      1,
      1003,
      80
    ]
  },
  "f0_exists": true,
  "f0_source": "notes_fallback_naturalized",
  "f0_naturalized": true,
  "f0_raw_npy": "D:\\YiYuTongSheng\\data\\svs\\segments\\opencpop_2041_phrase_001.f0_raw.npy",
  "f0_natural_npy": "D:\\YiYuTongSheng\\data\\svs\\segments\\opencpop_2041_phrase_001.f0_natural.npy",
  "f0_raw_min": 233.08187866210938,
  "f0_raw_max": 466.16375732421875,
  "f0_raw_mean": 331.6536560058594,
  "f0_raw_std": 79.40166473388672,
  "f0_raw_has_nan": false,
  "f0_raw_has_inf": false,
  "f0_natural_min": 230.64169311523438,
  "f0_natural_max": 471.3673095703125,
  "f0_natural_mean": 331.65179443359375,
  "f0_natural_std": 79.08390045166016,
  "f0_natural_has_nan": false,
  "f0_natural_has_inf": false,
  "f0_min": 230.64169311523438,
  "f0_max": 471.3673095703125,
  "f0_mean": 331.65179443359375,
  "f0_std": 79.08390045166016,
  "f0_has_nan": false,
  "f0_has_inf": false,
  "f0_shape": [
    1,
    1003
  ],
  "f0": {
    "min": 230.64169311523438,
    "max": 471.3673095703125,
    "mean": 331.65179443359375,
    "std": 79.08390045166016,
    "has_nan": false,
    "has_inf": false,
    "shape": [
      1,
      1003
    ]
  },
  "vibrato_enabled": true,
  "transition_smoothing_ms": 50,
  "vibrato_rate_hz": 5.5,
  "vibrato_depth_cents": 15,
  "tail_fall_cents": 20,
  "jitter_cents": 2
}
