{
  "item_name": "opencpop_2018_phrase_014",
  "mel_npy": "D:\\YiYuTongSheng\\data\\svs\\segments\\opencpop_2018_phrase_014.mel.npy",
  "mel_min": -5.807490825653076,
  "mel_max": -0.6621212959289551,
  "mel_mean": -2.9366228580474854,
  "mel_std": 0.737869918346405,
  "mel_has_nan": false,
  "mel_has_inf": false,
  "mel_shape": [
    1,
    552,
    80
  ],
  "mel": {
    "min": -5.807490825653076,
    "max": -0.6621212959289551,
    "mean": -2.9366228580474854,
    "std": 0.737869918346405,
    "has_nan": false,
    "has_inf": false,
    "shape": [
      1,
      552,
      80
    ]
  },
  "f0_exists": true,
  "f0_source": "notes_fallback_naturalized",
  "f0_naturalized": true,
  "f0_raw_npy": "D:\\YiYuTongSheng\\data\\svs\\segments\\opencpop_2018_phrase_014.f0_raw.npy",
  "f0_natural_npy": "D:\\YiYuTongSheng\\data\\svs\\segments\\opencpop_2018_phrase_014.f0_natural.npy",
  "f0_raw_min": 220.0,
  "f0_raw_max": 293.6647644042969,
  "f0_raw_mean": 273.7164611816406,
  "f0_raw_std": 23.071691513061523,
  "f0_raw_has_nan": false,
  "f0_raw_has_inf": false,
  "f0_natural_min": 219.59275817871094,
  "f0_natural_max": 296.0290832519531,
  "f0_natural_mean": 273.7033386230469,
  "f0_natural_std": 22.809295654296875,
  "f0_natural_has_nan": false,
  "f0_natural_has_inf": false,
  "f0_min": 219.59275817871094,
  "f0_max": 296.0290832519531,
  "f0_mean": 273.7033386230469,
  "f0_std": 22.809295654296875,
  "f0_has_nan": false,
  "f0_has_inf": false,
  "f0_shape": [
    1,
    552
  ],
  "f0": {
    "min": 219.59275817871094,
    "max": 296.0290832519531,
    "mean": 273.7033386230469,
    "std": 22.809295654296875,
    "has_nan": false,
    "has_inf": false,
    "shape": [
      1,
      552
    ]
  },
  "vibrato_enabled": true,
  "transition_smoothing_ms": 50,
  "vibrato_rate_hz": 5.5,
  "vibrato_depth_cents": 15,
  "tail_fall_cents": 20,
  "jitter_cents": 2
}
