{
  "item_name": "opencpop_2014_phrase_015",
  "mel_npy": "D:\\YiYuTongSheng\\data\\svs\\segments\\opencpop_2014_phrase_015.mel.npy",
  "mel_min": -5.707089424133301,
  "mel_max": -0.6221909523010254,
  "mel_mean": -3.018789052963257,
  "mel_std": 0.7615599036216736,
  "mel_has_nan": false,
  "mel_has_inf": false,
  "mel_shape": [
    1,
    1170,
    80
  ],
  "mel": {
    "min": -5.707089424133301,
    "max": -0.6221909523010254,
    "mean": -3.018789052963257,
    "std": 0.7615599036216736,
    "has_nan": false,
    "has_inf": false,
    "shape": [
      1,
      1170,
      80
    ]
  },
  "f0_exists": true,
  "f0_source": "notes_fallback_naturalized",
  "f0_naturalized": true,
  "f0_raw_npy": "D:\\YiYuTongSheng\\data\\svs\\segments\\opencpop_2014_phrase_015.f0_raw.npy",
  "f0_natural_npy": "D:\\YiYuTongSheng\\data\\svs\\segments\\opencpop_2014_phrase_015.f0_natural.npy",
  "f0_raw_min": 195.99771118164062,
  "f0_raw_max": 261.6255798339844,
  "f0_raw_mean": 232.21237182617188,
  "f0_raw_std": 23.71036148071289,
  "f0_raw_has_nan": false,
  "f0_raw_has_inf": false,
  "f0_natural_min": 194.2884521484375,
  "f0_natural_max": 264.33355712890625,
  "f0_natural_mean": 232.1942901611328,
  "f0_natural_std": 23.565074920654297,
  "f0_natural_has_nan": false,
  "f0_natural_has_inf": false,
  "f0_min": 194.2884521484375,
  "f0_max": 264.33355712890625,
  "f0_mean": 232.1942901611328,
  "f0_std": 23.565074920654297,
  "f0_has_nan": false,
  "f0_has_inf": false,
  "f0_shape": [
    1,
    1170
  ],
  "f0": {
    "min": 194.2884521484375,
    "max": 264.33355712890625,
    "mean": 232.1942901611328,
    "std": 23.565074920654297,
    "has_nan": false,
    "has_inf": false,
    "shape": [
      1,
      1170
    ]
  },
  "vibrato_enabled": true,
  "transition_smoothing_ms": 50,
  "vibrato_rate_hz": 5.5,
  "vibrato_depth_cents": 15,
  "tail_fall_cents": 20,
  "jitter_cents": 2
}
