{
  "item_name": "opencpop_2037_phrase_039",
  "mel_npy": "D:\\YiYuTongSheng\\data\\svs\\segments\\opencpop_2037_phrase_039.mel.npy",
  "mel_min": -4.950819969177246,
  "mel_max": -0.20325326919555664,
  "mel_mean": -2.591501474380493,
  "mel_std": 0.8135762810707092,
  "mel_has_nan": false,
  "mel_has_inf": false,
  "mel_shape": [
    1,
    799,
    80
  ],
  "mel": {
    "min": -4.950819969177246,
    "max": -0.20325326919555664,
    "mean": -2.591501474380493,
    "std": 0.8135762810707092,
    "has_nan": false,
    "has_inf": false,
    "shape": [
      1,
      799,
      80
    ]
  },
  "f0_exists": true,
  "f0_source": "notes_fallback_naturalized",
  "f0_naturalized": true,
  "f0_raw_npy": "D:\\YiYuTongSheng\\data\\svs\\segments\\opencpop_2037_phrase_039.f0_raw.npy",
  "f0_natural_npy": "D:\\YiYuTongSheng\\data\\svs\\segments\\opencpop_2037_phrase_039.f0_natural.npy",
  "f0_raw_min": 311.1269836425781,
  "f0_raw_max": 554.365234375,
  "f0_raw_mean": 446.7850036621094,
  "f0_raw_std": 80.71220397949219,
  "f0_raw_has_nan": false,
  "f0_raw_has_inf": false,
  "f0_natural_min": 308.4205322265625,
  "f0_natural_max": 559.7125244140625,
  "f0_natural_mean": 446.72296142578125,
  "f0_natural_std": 80.30742645263672,
  "f0_natural_has_nan": false,
  "f0_natural_has_inf": false,
  "f0_min": 308.4205322265625,
  "f0_max": 559.7125244140625,
  "f0_mean": 446.72296142578125,
  "f0_std": 80.30742645263672,
  "f0_has_nan": false,
  "f0_has_inf": false,
  "f0_shape": [
    1,
    799
  ],
  "f0": {
    "min": 308.4205322265625,
    "max": 559.7125244140625,
    "mean": 446.72296142578125,
    "std": 80.30742645263672,
    "has_nan": false,
    "has_inf": false,
    "shape": [
      1,
      799
    ]
  },
  "vibrato_enabled": true,
  "transition_smoothing_ms": 50,
  "vibrato_rate_hz": 5.5,
  "vibrato_depth_cents": 15,
  "tail_fall_cents": 20,
  "jitter_cents": 2
}
