{
  "item_name": "opencpop_2001_phrase_010",
  "mel_npy": "D:\\YiYuTongSheng\\data\\svs\\segments\\opencpop_2001_phrase_010.mel.npy",
  "mel_min": -5.3799567222595215,
  "mel_max": -0.6255545616149902,
  "mel_mean": -2.8867290019989014,
  "mel_std": 0.7815409898757935,
  "mel_has_nan": false,
  "mel_has_inf": false,
  "mel_shape": [
    1,
    669,
    80
  ],
  "mel": {
    "min": -5.3799567222595215,
    "max": -0.6255545616149902,
    "mean": -2.8867290019989014,
    "std": 0.7815409898757935,
    "has_nan": false,
    "has_inf": false,
    "shape": [
      1,
      669,
      80
    ]
  },
  "f0_exists": true,
  "f0_source": "notes_fallback_naturalized",
  "f0_naturalized": true,
  "f0_raw_npy": "D:\\YiYuTongSheng\\data\\svs\\segments\\opencpop_2001_phrase_010.f0_raw.npy",
  "f0_natural_npy": "D:\\YiYuTongSheng\\data\\svs\\segments\\opencpop_2001_phrase_010.f0_natural.npy",
  "f0_raw_min": 329.6275634765625,
  "f0_raw_max": 493.88330078125,
  "f0_raw_mean": 402.12884521484375,
  "f0_raw_std": 51.776573181152344,
  "f0_raw_has_nan": false,
  "f0_raw_has_inf": false,
  "f0_natural_min": 329.01739501953125,
  "f0_natural_max": 498.1504821777344,
  "f0_natural_mean": 402.1277160644531,
  "f0_natural_std": 51.31024169921875,
  "f0_natural_has_nan": false,
  "f0_natural_has_inf": false,
  "f0_min": 329.01739501953125,
  "f0_max": 498.1504821777344,
  "f0_mean": 402.1277160644531,
  "f0_std": 51.31024169921875,
  "f0_has_nan": false,
  "f0_has_inf": false,
  "f0_shape": [
    1,
    669
  ],
  "f0": {
    "min": 329.01739501953125,
    "max": 498.1504821777344,
    "mean": 402.1277160644531,
    "std": 51.31024169921875,
    "has_nan": false,
    "has_inf": false,
    "shape": [
      1,
      669
    ]
  },
  "vibrato_enabled": true,
  "transition_smoothing_ms": 50,
  "vibrato_rate_hz": 5.5,
  "vibrato_depth_cents": 15,
  "tail_fall_cents": 20,
  "jitter_cents": 2
}
