{
  "item_name": "opencpop_2018_phrase_029",
  "mel_npy": "D:\\YiYuTongSheng\\data\\svs\\segments\\opencpop_2018_phrase_029.mel.npy",
  "mel_min": -5.359355926513672,
  "mel_max": -0.4170823097229004,
  "mel_mean": -2.89131760597229,
  "mel_std": 0.7538538575172424,
  "mel_has_nan": false,
  "mel_has_inf": false,
  "mel_shape": [
    1,
    907,
    80
  ],
  "mel": {
    "min": -5.359355926513672,
    "max": -0.4170823097229004,
    "mean": -2.89131760597229,
    "std": 0.7538538575172424,
    "has_nan": false,
    "has_inf": false,
    "shape": [
      1,
      907,
      80
    ]
  },
  "f0_exists": true,
  "f0_source": "notes_fallback_naturalized",
  "f0_naturalized": true,
  "f0_raw_npy": "D:\\YiYuTongSheng\\data\\svs\\segments\\opencpop_2018_phrase_029.f0_raw.npy",
  "f0_natural_npy": "D:\\YiYuTongSheng\\data\\svs\\segments\\opencpop_2018_phrase_029.f0_natural.npy",
  "f0_raw_min": 277.1826171875,
  "f0_raw_max": 554.365234375,
  "f0_raw_mean": 406.481201171875,
  "f0_raw_std": 90.89784240722656,
  "f0_raw_has_nan": false,
  "f0_raw_has_inf": false,
  "f0_natural_min": 276.5368347167969,
  "f0_natural_max": 559.1300048828125,
  "f0_natural_mean": 406.44482421875,
  "f0_natural_std": 90.53300476074219,
  "f0_natural_has_nan": false,
  "f0_natural_has_inf": false,
  "f0_min": 276.5368347167969,
  "f0_max": 559.1300048828125,
  "f0_mean": 406.44482421875,
  "f0_std": 90.53300476074219,
  "f0_has_nan": false,
  "f0_has_inf": false,
  "f0_shape": [
    1,
    907
  ],
  "f0": {
    "min": 276.5368347167969,
    "max": 559.1300048828125,
    "mean": 406.44482421875,
    "std": 90.53300476074219,
    "has_nan": false,
    "has_inf": false,
    "shape": [
      1,
      907
    ]
  },
  "vibrato_enabled": true,
  "transition_smoothing_ms": 50,
  "vibrato_rate_hz": 5.5,
  "vibrato_depth_cents": 15,
  "tail_fall_cents": 20,
  "jitter_cents": 2
}
