{
  "item_name": "opencpop_2001_phrase_005",
  "mel_npy": "D:\\YiYuTongSheng\\data\\svs\\segments\\opencpop_2001_phrase_005.mel.npy",
  "mel_min": -5.655763626098633,
  "mel_max": -0.636570930480957,
  "mel_mean": -2.9308419227600098,
  "mel_std": 0.7480626702308655,
  "mel_has_nan": false,
  "mel_has_inf": false,
  "mel_shape": [
    1,
    816,
    80
  ],
  "mel": {
    "min": -5.655763626098633,
    "max": -0.636570930480957,
    "mean": -2.9308419227600098,
    "std": 0.7480626702308655,
    "has_nan": false,
    "has_inf": false,
    "shape": [
      1,
      816,
      80
    ]
  },
  "f0_exists": true,
  "f0_source": "notes_fallback_naturalized",
  "f0_naturalized": true,
  "f0_raw_npy": "D:\\YiYuTongSheng\\data\\svs\\segments\\opencpop_2001_phrase_005.f0_raw.npy",
  "f0_natural_npy": "D:\\YiYuTongSheng\\data\\svs\\segments\\opencpop_2001_phrase_005.f0_natural.npy",
  "f0_raw_min": 277.1826171875,
  "f0_raw_max": 440.0,
  "f0_raw_mean": 347.2046203613281,
  "f0_raw_std": 57.746280670166016,
  "f0_raw_has_nan": false,
  "f0_raw_has_inf": false,
  "f0_natural_min": 276.6695251464844,
  "f0_natural_max": 440.11383056640625,
  "f0_natural_mean": 347.1239929199219,
  "f0_natural_std": 57.12849426269531,
  "f0_natural_has_nan": false,
  "f0_natural_has_inf": false,
  "f0_min": 276.6695251464844,
  "f0_max": 440.11383056640625,
  "f0_mean": 347.1239929199219,
  "f0_std": 57.12849426269531,
  "f0_has_nan": false,
  "f0_has_inf": false,
  "f0_shape": [
    1,
    816
  ],
  "f0": {
    "min": 276.6695251464844,
    "max": 440.11383056640625,
    "mean": 347.1239929199219,
    "std": 57.12849426269531,
    "has_nan": false,
    "has_inf": false,
    "shape": [
      1,
      816
    ]
  },
  "vibrato_enabled": true,
  "transition_smoothing_ms": 50,
  "vibrato_rate_hz": 5.5,
  "vibrato_depth_cents": 15,
  "tail_fall_cents": 20,
  "jitter_cents": 2
}
