{
  "item_name": "opencpop_2037_phrase_033",
  "mel_npy": "D:\\YiYuTongSheng\\data\\svs\\segments\\opencpop_2037_phrase_033.mel.npy",
  "mel_min": -5.954066753387451,
  "mel_max": -0.22934818267822266,
  "mel_mean": -2.571587085723877,
  "mel_std": 0.8171385526657104,
  "mel_has_nan": false,
  "mel_has_inf": false,
  "mel_shape": [
    1,
    667,
    80
  ],
  "mel": {
    "min": -5.954066753387451,
    "max": -0.22934818267822266,
    "mean": -2.571587085723877,
    "std": 0.8171385526657104,
    "has_nan": false,
    "has_inf": false,
    "shape": [
      1,
      667,
      80
    ]
  },
  "f0_exists": true,
  "f0_source": "notes_fallback_naturalized",
  "f0_naturalized": true,
  "f0_raw_npy": "D:\\YiYuTongSheng\\data\\svs\\segments\\opencpop_2037_phrase_033.f0_raw.npy",
  "f0_natural_npy": "D:\\YiYuTongSheng\\data\\svs\\segments\\opencpop_2037_phrase_033.f0_natural.npy",
  "f0_raw_min": 369.9944152832031,
  "f0_raw_max": 440.0,
  "f0_raw_mean": 416.651611328125,
  "f0_raw_std": 28.804290771484375,
  "f0_raw_has_nan": false,
  "f0_raw_has_inf": false,
  "f0_natural_min": 366.9198913574219,
  "f0_natural_max": 444.3240661621094,
  "f0_natural_mean": 416.68206787109375,
  "f0_natural_std": 28.556015014648438,
  "f0_natural_has_nan": false,
  "f0_natural_has_inf": false,
  "f0_min": 366.9198913574219,
  "f0_max": 444.3240661621094,
  "f0_mean": 416.68206787109375,
  "f0_std": 28.556015014648438,
  "f0_has_nan": false,
  "f0_has_inf": false,
  "f0_shape": [
    1,
    667
  ],
  "f0": {
    "min": 366.9198913574219,
    "max": 444.3240661621094,
    "mean": 416.68206787109375,
    "std": 28.556015014648438,
    "has_nan": false,
    "has_inf": false,
    "shape": [
      1,
      667
    ]
  },
  "vibrato_enabled": true,
  "transition_smoothing_ms": 50,
  "vibrato_rate_hz": 5.5,
  "vibrato_depth_cents": 15,
  "tail_fall_cents": 20,
  "jitter_cents": 2
}
