{
  "item_name": "opencpop_2037_phrase_036",
  "mel_npy": "D:\\YiYuTongSheng\\data\\svs\\segments\\opencpop_2037_phrase_036.mel.npy",
  "mel_min": -5.796420097351074,
  "mel_max": 0.09380197525024414,
  "mel_mean": -2.5687949657440186,
  "mel_std": 0.8611916899681091,
  "mel_has_nan": false,
  "mel_has_inf": false,
  "mel_shape": [
    1,
    1057,
    80
  ],
  "mel": {
    "min": -5.796420097351074,
    "max": 0.09380197525024414,
    "mean": -2.5687949657440186,
    "std": 0.8611916899681091,
    "has_nan": false,
    "has_inf": false,
    "shape": [
      1,
      1057,
      80
    ]
  },
  "f0_exists": true,
  "f0_source": "notes_fallback_naturalized",
  "f0_naturalized": true,
  "f0_raw_npy": "D:\\YiYuTongSheng\\data\\svs\\segments\\opencpop_2037_phrase_036.f0_raw.npy",
  "f0_natural_npy": "D:\\YiYuTongSheng\\data\\svs\\segments\\opencpop_2037_phrase_036.f0_natural.npy",
  "f0_raw_min": 233.08187866210938,
  "f0_raw_max": 622.2539672851562,
  "f0_raw_mean": 419.60888671875,
  "f0_raw_std": 142.7090301513672,
  "f0_raw_has_nan": false,
  "f0_raw_has_inf": false,
  "f0_natural_min": 229.7110595703125,
  "f0_natural_max": 629.69189453125,
  "f0_natural_mean": 419.5752258300781,
  "f0_natural_std": 142.7501983642578,
  "f0_natural_has_nan": false,
  "f0_natural_has_inf": false,
  "f0_min": 229.7110595703125,
  "f0_max": 629.69189453125,
  "f0_mean": 419.5752258300781,
  "f0_std": 142.7501983642578,
  "f0_has_nan": false,
  "f0_has_inf": false,
  "f0_shape": [
    1,
    1057
  ],
  "f0": {
    "min": 229.7110595703125,
    "max": 629.69189453125,
    "mean": 419.5752258300781,
    "std": 142.7501983642578,
    "has_nan": false,
    "has_inf": false,
    "shape": [
      1,
      1057
    ]
  },
  "vibrato_enabled": true,
  "transition_smoothing_ms": 50,
  "vibrato_rate_hz": 5.5,
  "vibrato_depth_cents": 15,
  "tail_fall_cents": 20,
  "jitter_cents": 2
}
