{
  "item_name": "opencpop_2041_phrase_015",
  "mel_npy": "D:\\YiYuTongSheng\\data\\svs\\segments\\opencpop_2041_phrase_015.mel.npy",
  "mel_min": -5.6669230461120605,
  "mel_max": -0.5674700736999512,
  "mel_mean": -2.925232172012329,
  "mel_std": 0.7652769088745117,
  "mel_has_nan": false,
  "mel_has_inf": false,
  "mel_shape": [
    1,
    884,
    80
  ],
  "mel": {
    "min": -5.6669230461120605,
    "max": -0.5674700736999512,
    "mean": -2.925232172012329,
    "std": 0.7652769088745117,
    "has_nan": false,
    "has_inf": false,
    "shape": [
      1,
      884,
      80
    ]
  },
  "f0_exists": true,
  "f0_source": "notes_fallback_naturalized",
  "f0_naturalized": true,
  "f0_raw_npy": "D:\\YiYuTongSheng\\data\\svs\\segments\\opencpop_2041_phrase_015.f0_raw.npy",
  "f0_natural_npy": "D:\\YiYuTongSheng\\data\\svs\\segments\\opencpop_2041_phrase_015.f0_natural.npy",
  "f0_raw_min": 195.99771118164062,
  "f0_raw_max": 349.2282409667969,
  "f0_raw_mean": 271.1548156738281,
  "f0_raw_std": 38.02272415161133,
  "f0_raw_has_nan": false,
  "f0_raw_has_inf": false,
  "f0_natural_min": 195.63490295410156,
  "f0_natural_max": 349.7557067871094,
  "f0_natural_mean": 271.12750244140625,
  "f0_natural_std": 37.836158752441406,
  "f0_natural_has_nan": false,
  "f0_natural_has_inf": false,
  "f0_min": 195.63490295410156,
  "f0_max": 349.7557067871094,
  "f0_mean": 271.12750244140625,
  "f0_std": 37.836158752441406,
  "f0_has_nan": false,
  "f0_has_inf": false,
  "f0_shape": [
    1,
    884
  ],
  "f0": {
    "min": 195.63490295410156,
    "max": 349.7557067871094,
    "mean": 271.12750244140625,
    "std": 37.836158752441406,
    "has_nan": false,
    "has_inf": false,
    "shape": [
      1,
      884
    ]
  },
  "vibrato_enabled": true,
  "transition_smoothing_ms": 50,
  "vibrato_rate_hz": 5.5,
  "vibrato_depth_cents": 15,
  "tail_fall_cents": 20,
  "jitter_cents": 2
}
