{
  "item_name": "opencpop_2001_phrase_014",
  "mel_npy": "D:\\YiYuTongSheng\\data\\svs\\segments\\opencpop_2001_phrase_014.mel.npy",
  "mel_min": -6.033474922180176,
  "mel_max": -0.5541911125183105,
  "mel_mean": -2.975008964538574,
  "mel_std": 0.875220775604248,
  "mel_has_nan": false,
  "mel_has_inf": false,
  "mel_shape": [
    1,
    460,
    80
  ],
  "mel": {
    "min": -6.033474922180176,
    "max": -0.5541911125183105,
    "mean": -2.975008964538574,
    "std": 0.875220775604248,
    "has_nan": false,
    "has_inf": false,
    "shape": [
      1,
      460,
      80
    ]
  },
  "f0_exists": true,
  "f0_source": "notes_fallback_naturalized",
  "f0_naturalized": true,
  "f0_raw_npy": "D:\\YiYuTongSheng\\data\\svs\\segments\\opencpop_2001_phrase_014.f0_raw.npy",
  "f0_natural_npy": "D:\\YiYuTongSheng\\data\\svs\\segments\\opencpop_2001_phrase_014.f0_natural.npy",
  "f0_raw_min": 311.1269836425781,
  "f0_raw_max": 493.88330078125,
  "f0_raw_mean": 366.92181396484375,
  "f0_raw_std": 76.25886535644531,
  "f0_raw_has_nan": false,
  "f0_raw_has_inf": false,
  "f0_natural_min": 306.86376953125,
  "f0_natural_max": 498.5482482910156,
  "f0_natural_mean": 366.9704284667969,
  "f0_natural_std": 76.20142364501953,
  "f0_natural_has_nan": false,
  "f0_natural_has_inf": false,
  "f0_min": 306.86376953125,
  "f0_max": 498.5482482910156,
  "f0_mean": 366.9704284667969,
  "f0_std": 76.20142364501953,
  "f0_has_nan": false,
  "f0_has_inf": false,
  "f0_shape": [
    1,
    460
  ],
  "f0": {
    "min": 306.86376953125,
    "max": 498.5482482910156,
    "mean": 366.9704284667969,
    "std": 76.20142364501953,
    "has_nan": false,
    "has_inf": false,
    "shape": [
      1,
      460
    ]
  },
  "vibrato_enabled": true,
  "transition_smoothing_ms": 50,
  "vibrato_rate_hz": 5.5,
  "vibrato_depth_cents": 15,
  "tail_fall_cents": 20,
  "jitter_cents": 2
}
