{
  "item_name": "opencpop_2001_phrase_037",
  "mel_npy": "D:\\YiYuTongSheng\\data\\svs\\segments\\opencpop_2001_phrase_037.mel.npy",
  "mel_min": -5.14113712310791,
  "mel_max": -0.43082666397094727,
  "mel_mean": -2.810241937637329,
  "mel_std": 0.7961498498916626,
  "mel_has_nan": false,
  "mel_has_inf": false,
  "mel_shape": [
    1,
    1304,
    80
  ],
  "mel": {
    "min": -5.14113712310791,
    "max": -0.43082666397094727,
    "mean": -2.810241937637329,
    "std": 0.7961498498916626,
    "has_nan": false,
    "has_inf": false,
    "shape": [
      1,
      1304,
      80
    ]
  },
  "f0_exists": true,
  "f0_source": "notes_fallback_naturalized",
  "f0_naturalized": true,
  "f0_raw_npy": "D:\\YiYuTongSheng\\data\\svs\\segments\\opencpop_2001_phrase_037.f0_raw.npy",
  "f0_natural_npy": "D:\\YiYuTongSheng\\data\\svs\\segments\\opencpop_2001_phrase_037.f0_natural.npy",
  "f0_raw_min": 329.6275634765625,
  "f0_raw_max": 554.365234375,
  "f0_raw_mean": 466.25689697265625,
  "f0_raw_std": 59.589168548583984,
  "f0_raw_has_nan": false,
  "f0_raw_has_inf": false,
  "f0_natural_min": 326.27484130859375,
  "f0_natural_max": 559.9965209960938,
  "f0_natural_mean": 466.25555419921875,
  "f0_natural_std": 59.22427749633789,
  "f0_natural_has_nan": false,
  "f0_natural_has_inf": false,
  "f0_min": 326.27484130859375,
  "f0_max": 559.9965209960938,
  "f0_mean": 466.25555419921875,
  "f0_std": 59.22427749633789,
  "f0_has_nan": false,
  "f0_has_inf": false,
  "f0_shape": [
    1,
    1304
  ],
  "f0": {
    "min": 326.27484130859375,
    "max": 559.9965209960938,
    "mean": 466.25555419921875,
    "std": 59.22427749633789,
    "has_nan": false,
    "has_inf": false,
    "shape": [
      1,
      1304
    ]
  },
  "vibrato_enabled": true,
  "transition_smoothing_ms": 50,
  "vibrato_rate_hz": 5.5,
  "vibrato_depth_cents": 15,
  "tail_fall_cents": 20,
  "jitter_cents": 2
}
