{
  "item_name": "opencpop_2018_phrase_018",
  "mel_npy": "D:\\YiYuTongSheng\\data\\svs\\segments\\opencpop_2018_phrase_018.mel.npy",
  "mel_min": -5.243279457092285,
  "mel_max": -0.38681650161743164,
  "mel_mean": -2.751922369003296,
  "mel_std": 0.8036919236183167,
  "mel_has_nan": false,
  "mel_has_inf": false,
  "mel_shape": [
    1,
    492,
    80
  ],
  "mel": {
    "min": -5.243279457092285,
    "max": -0.38681650161743164,
    "mean": -2.751922369003296,
    "std": 0.8036919236183167,
    "has_nan": false,
    "has_inf": false,
    "shape": [
      1,
      492,
      80
    ]
  },
  "f0_exists": true,
  "f0_source": "notes_fallback_naturalized",
  "f0_naturalized": true,
  "f0_raw_npy": "D:\\YiYuTongSheng\\data\\svs\\segments\\opencpop_2018_phrase_018.f0_raw.npy",
  "f0_natural_npy": "D:\\YiYuTongSheng\\data\\svs\\segments\\opencpop_2018_phrase_018.f0_natural.npy",
  "f0_raw_min": 329.6275634765625,
  "f0_raw_max": 440.0,
  "f0_raw_mean": 376.7489929199219,
  "f0_raw_std": 52.99490737915039,
  "f0_raw_has_nan": false,
  "f0_raw_has_inf": false,
  "f0_natural_min": 326.3726806640625,
  "f0_natural_max": 443.2661437988281,
  "f0_natural_mean": 376.7483215332031,
  "f0_natural_std": 52.732147216796875,
  "f0_natural_has_nan": false,
  "f0_natural_has_inf": false,
  "f0_min": 326.3726806640625,
  "f0_max": 443.2661437988281,
  "f0_mean": 376.7483215332031,
  "f0_std": 52.732147216796875,
  "f0_has_nan": false,
  "f0_has_inf": false,
  "f0_shape": [
    1,
    492
  ],
  "f0": {
    "min": 326.3726806640625,
    "max": 443.2661437988281,
    "mean": 376.7483215332031,
    "std": 52.732147216796875,
    "has_nan": false,
    "has_inf": false,
    "shape": [
      1,
      492
    ]
  },
  "vibrato_enabled": true,
  "transition_smoothing_ms": 50,
  "vibrato_rate_hz": 5.5,
  "vibrato_depth_cents": 15,
  "tail_fall_cents": 20,
  "jitter_cents": 2
}
