{
  "item_name": "opencpop_2001_phrase_033",
  "mel_npy": "D:\\YiYuTongSheng\\data\\svs\\segments\\opencpop_2001_phrase_033.mel.npy",
  "mel_min": -6.03652811050415,
  "mel_max": -0.4970564842224121,
  "mel_mean": -2.898655891418457,
  "mel_std": 0.7955511212348938,
  "mel_has_nan": false,
  "mel_has_inf": false,
  "mel_shape": [
    1,
    1199,
    80
  ],
  "mel": {
    "min": -6.03652811050415,
    "max": -0.4970564842224121,
    "mean": -2.898655891418457,
    "std": 0.7955511212348938,
    "has_nan": false,
    "has_inf": false,
    "shape": [
      1,
      1199,
      80
    ]
  },
  "f0_exists": true,
  "f0_source": "notes_fallback_naturalized",
  "f0_naturalized": true,
  "f0_raw_npy": "D:\\YiYuTongSheng\\data\\svs\\segments\\opencpop_2001_phrase_033.f0_raw.npy",
  "f0_natural_npy": "D:\\YiYuTongSheng\\data\\svs\\segments\\opencpop_2001_phrase_033.f0_natural.npy",
  "f0_raw_min": 311.1269836425781,
  "f0_raw_max": 493.88330078125,
  "f0_raw_mean": 394.5212707519531,
  "f0_raw_std": 76.08930206298828,
  "f0_raw_has_nan": false,
  "f0_raw_has_inf": false,
  "f0_natural_min": 308.43914794921875,
  "f0_natural_max": 495.5398254394531,
  "f0_natural_mean": 394.4797668457031,
  "f0_natural_std": 75.46094512939453,
  "f0_natural_has_nan": false,
  "f0_natural_has_inf": false,
  "f0_min": 308.43914794921875,
  "f0_max": 495.5398254394531,
  "f0_mean": 394.4797668457031,
  "f0_std": 75.46094512939453,
  "f0_has_nan": false,
  "f0_has_inf": false,
  "f0_shape": [
    1,
    1199
  ],
  "f0": {
    "min": 308.43914794921875,
    "max": 495.5398254394531,
    "mean": 394.4797668457031,
    "std": 75.46094512939453,
    "has_nan": false,
    "has_inf": false,
    "shape": [
      1,
      1199
    ]
  },
  "vibrato_enabled": true,
  "transition_smoothing_ms": 50,
  "vibrato_rate_hz": 5.5,
  "vibrato_depth_cents": 15,
  "tail_fall_cents": 20,
  "jitter_cents": 2
}
