{
  "item_name": "opencpop_2018_phrase_030",
  "mel_npy": "D:\\YiYuTongSheng\\data\\svs\\segments\\opencpop_2018_phrase_030.mel.npy",
  "mel_min": -5.14487361907959,
  "mel_max": -0.6544713973999023,
  "mel_mean": -2.9928596019744873,
  "mel_std": 0.7650018334388733,
  "mel_has_nan": false,
  "mel_has_inf": false,
  "mel_shape": [
    1,
    674,
    80
  ],
  "mel": {
    "min": -5.14487361907959,
    "max": -0.6544713973999023,
    "mean": -2.9928596019744873,
    "std": 0.7650018334388733,
    "has_nan": false,
    "has_inf": false,
    "shape": [
      1,
      674,
      80
    ]
  },
  "f0_exists": true,
  "f0_source": "notes_fallback_naturalized",
  "f0_naturalized": true,
  "f0_raw_npy": "D:\\YiYuTongSheng\\data\\svs\\segments\\opencpop_2018_phrase_030.f0_raw.npy",
  "f0_natural_npy": "D:\\YiYuTongSheng\\data\\svs\\segments\\opencpop_2018_phrase_030.f0_natural.npy",
  "f0_raw_min": 415.3046875,
  "f0_raw_max": 440.0,
  "f0_raw_mean": 437.54510498046875,
  "f0_raw_std": 7.389012336730957,
  "f0_raw_has_nan": false,
  "f0_raw_has_inf": false,
  "f0_natural_min": 412.99688720703125,
  "f0_natural_max": 444.3778381347656,
  "f0_natural_mean": 437.5443115234375,
  "f0_natural_std": 7.612368106842041,
  "f0_natural_has_nan": false,
  "f0_natural_has_inf": false,
  "f0_min": 412.99688720703125,
  "f0_max": 444.3778381347656,
  "f0_mean": 437.5443115234375,
  "f0_std": 7.612368106842041,
  "f0_has_nan": false,
  "f0_has_inf": false,
  "f0_shape": [
    1,
    674
  ],
  "f0": {
    "min": 412.99688720703125,
    "max": 444.3778381347656,
    "mean": 437.5443115234375,
    "std": 7.612368106842041,
    "has_nan": false,
    "has_inf": false,
    "shape": [
      1,
      674
    ]
  },
  "vibrato_enabled": true,
  "transition_smoothing_ms": 50,
  "vibrato_rate_hz": 5.5,
  "vibrato_depth_cents": 15,
  "tail_fall_cents": 20,
  "jitter_cents": 2
}
