{
  "item_name": "opencpop_2014_phrase_010",
  "mel_npy": "D:\\YiYuTongSheng\\data\\svs\\segments\\opencpop_2014_phrase_010.mel.npy",
  "mel_min": -6.040453910827637,
  "mel_max": -0.7499885559082031,
  "mel_mean": -3.0296237468719482,
  "mel_std": 0.7974402904510498,
  "mel_has_nan": false,
  "mel_has_inf": false,
  "mel_shape": [
    1,
    871,
    80
  ],
  "mel": {
    "min": -6.040453910827637,
    "max": -0.7499885559082031,
    "mean": -3.0296237468719482,
    "std": 0.7974402904510498,
    "has_nan": false,
    "has_inf": false,
    "shape": [
      1,
      871,
      80
    ]
  },
  "f0_exists": true,
  "f0_source": "notes_fallback_naturalized",
  "f0_naturalized": true,
  "f0_raw_npy": "D:\\YiYuTongSheng\\data\\svs\\segments\\opencpop_2014_phrase_010.f0_raw.npy",
  "f0_natural_npy": "D:\\YiYuTongSheng\\data\\svs\\segments\\opencpop_2014_phrase_010.f0_natural.npy",
  "f0_raw_min": 207.65234375,
  "f0_raw_max": 246.941650390625,
  "f0_raw_mean": 232.08106994628906,
  "f0_raw_std": 12.8983154296875,
  "f0_raw_has_nan": false,
  "f0_raw_has_inf": false,
  "f0_natural_min": 207.26795959472656,
  "f0_natural_max": 249.17813110351562,
  "f0_natural_mean": 232.0375213623047,
  "f0_natural_std": 12.751084327697754,
  "f0_natural_has_nan": false,
  "f0_natural_has_inf": false,
  "f0_min": 207.26795959472656,
  "f0_max": 249.17813110351562,
  "f0_mean": 232.0375213623047,
  "f0_std": 12.751084327697754,
  "f0_has_nan": false,
  "f0_has_inf": false,
  "f0_shape": [
    1,
    871
  ],
  "f0": {
    "min": 207.26795959472656,
    "max": 249.17813110351562,
    "mean": 232.0375213623047,
    "std": 12.751084327697754,
    "has_nan": false,
    "has_inf": false,
    "shape": [
      1,
      871
    ]
  },
  "vibrato_enabled": true,
  "transition_smoothing_ms": 50,
  "vibrato_rate_hz": 5.5,
  "vibrato_depth_cents": 15,
  "tail_fall_cents": 20,
  "jitter_cents": 2
}
