{
  "item_name": "opencpop_2037_phrase_013",
  "mel_npy": "D:\\YiYuTongSheng\\data\\svs\\segments\\opencpop_2037_phrase_013.mel.npy",
  "mel_min": -5.7322587966918945,
  "mel_max": -0.2674551010131836,
  "mel_mean": -2.6962857246398926,
  "mel_std": 0.8003472685813904,
  "mel_has_nan": false,
  "mel_has_inf": false,
  "mel_shape": [
    1,
    774,
    80
  ],
  "mel": {
    "min": -5.7322587966918945,
    "max": -0.2674551010131836,
    "mean": -2.6962857246398926,
    "std": 0.8003472685813904,
    "has_nan": false,
    "has_inf": false,
    "shape": [
      1,
      774,
      80
    ]
  },
  "f0_exists": true,
  "f0_source": "notes_fallback_naturalized",
  "f0_naturalized": true,
  "f0_raw_npy": "D:\\YiYuTongSheng\\data\\svs\\segments\\opencpop_2037_phrase_013.f0_raw.npy",
  "f0_natural_npy": "D:\\YiYuTongSheng\\data\\svs\\segments\\opencpop_2037_phrase_013.f0_natural.npy",
  "f0_raw_min": 220.0,
  "f0_raw_max": 369.9944152832031,
  "f0_raw_mean": 271.3719787597656,
  "f0_raw_std": 53.32581329345703,
  "f0_raw_has_nan": false,
  "f0_raw_has_inf": false,
  "f0_natural_min": 217.96151733398438,
  "f0_natural_max": 373.25341796875,
  "f0_natural_mean": 271.4107666015625,
  "f0_natural_std": 53.280540466308594,
  "f0_natural_has_nan": false,
  "f0_natural_has_inf": false,
  "f0_min": 217.96151733398438,
  "f0_max": 373.25341796875,
  "f0_mean": 271.4107666015625,
  "f0_std": 53.280540466308594,
  "f0_has_nan": false,
  "f0_has_inf": false,
  "f0_shape": [
    1,
    774
  ],
  "f0": {
    "min": 217.96151733398438,
    "max": 373.25341796875,
    "mean": 271.4107666015625,
    "std": 53.280540466308594,
    "has_nan": false,
    "has_inf": false,
    "shape": [
      1,
      774
    ]
  },
  "vibrato_enabled": true,
  "transition_smoothing_ms": 50,
  "vibrato_rate_hz": 5.5,
  "vibrato_depth_cents": 15,
  "tail_fall_cents": 20,
  "jitter_cents": 2
}
