{
  "item_name": "opencpop_2001_phrase_022",
  "mel_npy": "D:\\YiYuTongSheng\\data\\svs\\segments\\opencpop_2001_phrase_022.mel.npy",
  "mel_min": -5.925323486328125,
  "mel_max": -0.46556615829467773,
  "mel_mean": -2.973220109939575,
  "mel_std": 0.8184789419174194,
  "mel_has_nan": false,
  "mel_has_inf": false,
  "mel_shape": [
    1,
    866,
    80
  ],
  "mel": {
    "min": -5.925323486328125,
    "max": -0.46556615829467773,
    "mean": -2.973220109939575,
    "std": 0.8184789419174194,
    "has_nan": false,
    "has_inf": false,
    "shape": [
      1,
      866,
      80
    ]
  },
  "f0_exists": true,
  "f0_source": "notes_fallback_naturalized",
  "f0_naturalized": true,
  "f0_raw_npy": "D:\\YiYuTongSheng\\data\\svs\\segments\\opencpop_2001_phrase_022.f0_raw.npy",
  "f0_natural_npy": "D:\\YiYuTongSheng\\data\\svs\\segments\\opencpop_2001_phrase_022.f0_natural.npy",
  "f0_raw_min": 329.6275634765625,
  "f0_raw_max": 493.88330078125,
  "f0_raw_mean": 395.2464904785156,
  "f0_raw_std": 51.683799743652344,
  "f0_raw_has_nan": false,
  "f0_raw_has_inf": false,
  "f0_natural_min": 327.5318603515625,
  "f0_natural_max": 498.4226989746094,
  "f0_natural_mean": 395.23095703125,
  "f0_natural_std": 51.316917419433594,
  "f0_natural_has_nan": false,
  "f0_natural_has_inf": false,
  "f0_min": 327.5318603515625,
  "f0_max": 498.4226989746094,
  "f0_mean": 395.23095703125,
  "f0_std": 51.316917419433594,
  "f0_has_nan": false,
  "f0_has_inf": false,
  "f0_shape": [
    1,
    866
  ],
  "f0": {
    "min": 327.5318603515625,
    "max": 498.4226989746094,
    "mean": 395.23095703125,
    "std": 51.316917419433594,
    "has_nan": false,
    "has_inf": false,
    "shape": [
      1,
      866
    ]
  },
  "vibrato_enabled": true,
  "transition_smoothing_ms": 50,
  "vibrato_rate_hz": 5.5,
  "vibrato_depth_cents": 15,
  "tail_fall_cents": 20,
  "jitter_cents": 2
}
