{
  "item_name": "opencpop_2001_phrase_023",
  "mel_npy": "D:\\YiYuTongSheng\\data\\svs\\segments\\opencpop_2001_phrase_023.mel.npy",
  "mel_min": -5.011649131774902,
  "mel_max": -0.48675537109375,
  "mel_mean": -2.8355472087860107,
  "mel_std": 0.7518234252929688,
  "mel_has_nan": false,
  "mel_has_inf": false,
  "mel_shape": [
    1,
    973,
    80
  ],
  "mel": {
    "min": -5.011649131774902,
    "max": -0.48675537109375,
    "mean": -2.8355472087860107,
    "std": 0.7518234252929688,
    "has_nan": false,
    "has_inf": false,
    "shape": [
      1,
      973,
      80
    ]
  },
  "f0_exists": true,
  "f0_source": "notes_fallback_naturalized",
  "f0_naturalized": true,
  "f0_raw_npy": "D:\\YiYuTongSheng\\data\\svs\\segments\\opencpop_2001_phrase_023.f0_raw.npy",
  "f0_natural_npy": "D:\\YiYuTongSheng\\data\\svs\\segments\\opencpop_2001_phrase_023.f0_natural.npy",
  "f0_raw_min": 329.6275634765625,
  "f0_raw_max": 554.365234375,
  "f0_raw_mean": 458.63604736328125,
  "f0_raw_std": 94.15172576904297,
  "f0_raw_has_nan": false,
  "f0_raw_has_inf": false,
  "f0_natural_min": 326.4356384277344,
  "f0_natural_max": 559.989013671875,
  "f0_natural_mean": 458.4931945800781,
  "f0_natural_std": 93.82460021972656,
  "f0_natural_has_nan": false,
  "f0_natural_has_inf": false,
  "f0_min": 326.4356384277344,
  "f0_max": 559.989013671875,
  "f0_mean": 458.4931945800781,
  "f0_std": 93.82460021972656,
  "f0_has_nan": false,
  "f0_has_inf": false,
  "f0_shape": [
    1,
    973
  ],
  "f0": {
    "min": 326.4356384277344,
    "max": 559.989013671875,
    "mean": 458.4931945800781,
    "std": 93.82460021972656,
    "has_nan": false,
    "has_inf": false,
    "shape": [
      1,
      973
    ]
  },
  "vibrato_enabled": true,
  "transition_smoothing_ms": 50,
  "vibrato_rate_hz": 5.5,
  "vibrato_depth_cents": 15,
  "tail_fall_cents": 20,
  "jitter_cents": 2
}
