{
  "item_name": "opencpop_2037_phrase_007",
  "mel_npy": "D:\\YiYuTongSheng\\data\\svs\\segments\\opencpop_2037_phrase_007.mel.npy",
  "mel_min": -5.794528484344482,
  "mel_max": -0.3245096206665039,
  "mel_mean": -2.7432234287261963,
  "mel_std": 0.8391643166542053,
  "mel_has_nan": false,
  "mel_has_inf": false,
  "mel_shape": [
    1,
    611,
    80
  ],
  "mel": {
    "min": -5.794528484344482,
    "max": -0.3245096206665039,
    "mean": -2.7432234287261963,
    "std": 0.8391643166542053,
    "has_nan": false,
    "has_inf": false,
    "shape": [
      1,
      611,
      80
    ]
  },
  "f0_exists": true,
  "f0_source": "notes_fallback_naturalized",
  "f0_naturalized": true,
  "f0_raw_npy": "D:\\YiYuTongSheng\\data\\svs\\segments\\opencpop_2037_phrase_007.f0_raw.npy",
  "f0_natural_npy": "D:\\YiYuTongSheng\\data\\svs\\segments\\opencpop_2037_phrase_007.f0_natural.npy",
  "f0_raw_min": 311.1269836425781,
  "f0_raw_max": 391.99542236328125,
  "f0_raw_mean": 333.6254577636719,
  "f0_raw_std": 23.31513214111328,
  "f0_raw_has_nan": false,
  "f0_raw_has_inf": false,
  "f0_natural_min": 306.5275573730469,
  "f0_natural_max": 392.2244873046875,
  "f0_natural_mean": 333.672119140625,
  "f0_natural_std": 23.233545303344727,
  "f0_natural_has_nan": false,
  "f0_natural_has_inf": false,
  "f0_min": 306.5275573730469,
  "f0_max": 392.2244873046875,
  "f0_mean": 333.672119140625,
  "f0_std": 23.233545303344727,
  "f0_has_nan": false,
  "f0_has_inf": false,
  "f0_shape": [
    1,
    611
  ],
  "f0": {
    "min": 306.5275573730469,
    "max": 392.2244873046875,
    "mean": 333.672119140625,
    "std": 23.233545303344727,
    "has_nan": false,
    "has_inf": false,
    "shape": [
      1,
      611
    ]
  },
  "vibrato_enabled": true,
  "transition_smoothing_ms": 50,
  "vibrato_rate_hz": 5.5,
  "vibrato_depth_cents": 15,
  "tail_fall_cents": 20,
  "jitter_cents": 2
}
