{
  "item_name": "opencpop_2001_phrase_015",
  "mel_npy": "D:\\YiYuTongSheng\\data\\svs\\segments\\opencpop_2001_phrase_015.mel.npy",
  "mel_min": -5.708728790283203,
  "mel_max": -0.7232332229614258,
  "mel_mean": -3.0416746139526367,
  "mel_std": 0.8019159436225891,
  "mel_has_nan": false,
  "mel_has_inf": false,
  "mel_shape": [
    1,
    678,
    80
  ],
  "mel": {
    "min": -5.708728790283203,
    "max": -0.7232332229614258,
    "mean": -3.0416746139526367,
    "std": 0.8019159436225891,
    "has_nan": false,
    "has_inf": false,
    "shape": [
      1,
      678,
      80
    ]
  },
  "f0_exists": true,
  "f0_source": "notes_fallback_naturalized",
  "f0_naturalized": true,
  "f0_raw_npy": "D:\\YiYuTongSheng\\data\\svs\\segments\\opencpop_2001_phrase_015.f0_raw.npy",
  "f0_natural_npy": "D:\\YiYuTongSheng\\data\\svs\\segments\\opencpop_2001_phrase_015.f0_natural.npy",
  "f0_raw_min": 311.1269836425781,
  "f0_raw_max": 415.3046875,
  "f0_raw_mean": 350.04278564453125,
  "f0_raw_std": 36.051761627197266,
  "f0_raw_has_nan": false,
  "f0_raw_has_inf": false,
  "f0_natural_min": 308.579345703125,
  "f0_natural_max": 419.2920837402344,
  "f0_natural_mean": 350.05963134765625,
  "f0_natural_std": 36.11555480957031,
  "f0_natural_has_nan": false,
  "f0_natural_has_inf": false,
  "f0_min": 308.579345703125,
  "f0_max": 419.2920837402344,
  "f0_mean": 350.05963134765625,
  "f0_std": 36.11555480957031,
  "f0_has_nan": false,
  "f0_has_inf": false,
  "f0_shape": [
    1,
    678
  ],
  "f0": {
    "min": 308.579345703125,
    "max": 419.2920837402344,
    "mean": 350.05963134765625,
    "std": 36.11555480957031,
    "has_nan": false,
    "has_inf": false,
    "shape": [
      1,
      678
    ]
  },
  "vibrato_enabled": true,
  "transition_smoothing_ms": 50,
  "vibrato_rate_hz": 5.5,
  "vibrato_depth_cents": 15,
  "tail_fall_cents": 20,
  "jitter_cents": 2
}
