{
  "item_name": "opencpop_2018_phrase_043",
  "mel_npy": "D:\\YiYuTongSheng\\data\\svs\\segments\\opencpop_2018_phrase_043.mel.npy",
  "mel_min": -5.321534633636475,
  "mel_max": -0.4729580879211426,
  "mel_mean": -2.795060396194458,
  "mel_std": 0.7587000727653503,
  "mel_has_nan": false,
  "mel_has_inf": false,
  "mel_shape": [
    1,
    475,
    80
  ],
  "mel": {
    "min": -5.321534633636475,
    "max": -0.4729580879211426,
    "mean": -2.795060396194458,
    "std": 0.7587000727653503,
    "has_nan": false,
    "has_inf": false,
    "shape": [
      1,
      475,
      80
    ]
  },
  "f0_exists": true,
  "f0_source": "notes_fallback_naturalized",
  "f0_naturalized": true,
  "f0_raw_npy": "D:\\YiYuTongSheng\\data\\svs\\segments\\opencpop_2018_phrase_043.f0_raw.npy",
  "f0_natural_npy": "D:\\YiYuTongSheng\\data\\svs\\segments\\opencpop_2018_phrase_043.f0_natural.npy",
  "f0_raw_min": 329.6275634765625,
  "f0_raw_max": 493.88330078125,
  "f0_raw_mean": 412.7137451171875,
  "f0_raw_std": 74.75943756103516,
  "f0_raw_has_nan": false,
  "f0_raw_has_inf": false,
  "f0_natural_min": 328.80926513671875,
  "f0_natural_max": 498.3018493652344,
  "f0_natural_mean": 412.712646484375,
  "f0_natural_std": 74.37146759033203,
  "f0_natural_has_nan": false,
  "f0_natural_has_inf": false,
  "f0_min": 328.80926513671875,
  "f0_max": 498.3018493652344,
  "f0_mean": 412.712646484375,
  "f0_std": 74.37146759033203,
  "f0_has_nan": false,
  "f0_has_inf": false,
  "f0_shape": [
    1,
    475
  ],
  "f0": {
    "min": 328.80926513671875,
    "max": 498.3018493652344,
    "mean": 412.712646484375,
    "std": 74.37146759033203,
    "has_nan": false,
    "has_inf": false,
    "shape": [
      1,
      475
    ]
  },
  "vibrato_enabled": true,
  "transition_smoothing_ms": 50,
  "vibrato_rate_hz": 5.5,
  "vibrato_depth_cents": 15,
  "tail_fall_cents": 20,
  "jitter_cents": 2
}
