{
  "item_name": "opencpop_2014_phrase_025",
  "mel_npy": "D:\\YiYuTongSheng\\data\\svs\\segments\\opencpop_2014_phrase_025.mel.npy",
  "mel_min": -5.511698246002197,
  "mel_max": -0.6226177215576172,
  "mel_mean": -2.8323004245758057,
  "mel_std": 0.7681909203529358,
  "mel_has_nan": false,
  "mel_has_inf": false,
  "mel_shape": [
    1,
    1161,
    80
  ],
  "mel": {
    "min": -5.511698246002197,
    "max": -0.6226177215576172,
    "mean": -2.8323004245758057,
    "std": 0.7681909203529358,
    "has_nan": false,
    "has_inf": false,
    "shape": [
      1,
      1161,
      80
    ]
  },
  "f0_exists": true,
  "f0_source": "notes_fallback_naturalized",
  "f0_naturalized": true,
  "f0_raw_npy": "D:\\YiYuTongSheng\\data\\svs\\segments\\opencpop_2014_phrase_025.f0_raw.npy",
  "f0_natural_npy": "D:\\YiYuTongSheng\\data\\svs\\segments\\opencpop_2014_phrase_025.f0_natural.npy",
  "f0_raw_min": 311.1269836425781,
  "f0_raw_max": 415.3046875,
  "f0_raw_mean": 363.6066589355469,
  "f0_raw_std": 39.20927429199219,
  "f0_raw_has_nan": false,
  "f0_raw_has_inf": false,
  "f0_natural_min": 308.1128845214844,
  "f0_natural_max": 419.4236145019531,
  "f0_natural_mean": 363.59222412109375,
  "f0_natural_std": 39.103126525878906,
  "f0_natural_has_nan": false,
  "f0_natural_has_inf": false,
  "f0_min": 308.1128845214844,
  "f0_max": 419.4236145019531,
  "f0_mean": 363.59222412109375,
  "f0_std": 39.103126525878906,
  "f0_has_nan": false,
  "f0_has_inf": false,
  "f0_shape": [
    1,
    1161
  ],
  "f0": {
    "min": 308.1128845214844,
    "max": 419.4236145019531,
    "mean": 363.59222412109375,
    "std": 39.103126525878906,
    "has_nan": false,
    "has_inf": false,
    "shape": [
      1,
      1161
    ]
  },
  "vibrato_enabled": true,
  "transition_smoothing_ms": 50,
  "vibrato_rate_hz": 5.5,
  "vibrato_depth_cents": 15,
  "tail_fall_cents": 20,
  "jitter_cents": 2
}
