{
  "item_name": "opencpop_2018_phrase_050",
  "mel_npy": "D:\\YiYuTongSheng\\data\\svs\\segments\\opencpop_2018_phrase_050.mel.npy",
  "mel_min": -5.69630241394043,
  "mel_max": -0.4517636299133301,
  "mel_mean": -2.834362745285034,
  "mel_std": 0.7842616438865662,
  "mel_has_nan": false,
  "mel_has_inf": false,
  "mel_shape": [
    1,
    1133,
    80
  ],
  "mel": {
    "min": -5.69630241394043,
    "max": -0.4517636299133301,
    "mean": -2.834362745285034,
    "std": 0.7842616438865662,
    "has_nan": false,
    "has_inf": false,
    "shape": [
      1,
      1133,
      80
    ]
  },
  "f0_exists": true,
  "f0_source": "notes_fallback_naturalized",
  "f0_naturalized": true,
  "f0_raw_npy": "D:\\YiYuTongSheng\\data\\svs\\segments\\opencpop_2018_phrase_050.f0_raw.npy",
  "f0_natural_npy": "D:\\YiYuTongSheng\\data\\svs\\segments\\opencpop_2018_phrase_050.f0_natural.npy",
  "f0_raw_min": 329.6275634765625,
  "f0_raw_max": 554.365234375,
  "f0_raw_mean": 476.6838073730469,
  "f0_raw_std": 74.89447021484375,
  "f0_raw_has_nan": false,
  "f0_raw_has_inf": false,
  "f0_natural_min": 326.9552001953125,
  "f0_natural_max": 559.88720703125,
  "f0_natural_mean": 476.62896728515625,
  "f0_natural_std": 74.55772399902344,
  "f0_natural_has_nan": false,
  "f0_natural_has_inf": false,
  "f0_min": 326.9552001953125,
  "f0_max": 559.88720703125,
  "f0_mean": 476.62896728515625,
  "f0_std": 74.55772399902344,
  "f0_has_nan": false,
  "f0_has_inf": false,
  "f0_shape": [
    1,
    1133
  ],
  "f0": {
    "min": 326.9552001953125,
    "max": 559.88720703125,
    "mean": 476.62896728515625,
    "std": 74.55772399902344,
    "has_nan": false,
    "has_inf": false,
    "shape": [
      1,
      1133
    ]
  },
  "vibrato_enabled": true,
  "transition_smoothing_ms": 50,
  "vibrato_rate_hz": 5.5,
  "vibrato_depth_cents": 15,
  "tail_fall_cents": 20,
  "jitter_cents": 2
}
