{
  "item_name": "opencpop_2018_phrase_005",
  "mel_npy": "D:\\YiYuTongSheng\\data\\svs\\segments\\opencpop_2018_phrase_005.mel.npy",
  "mel_min": -6.104536056518555,
  "mel_max": -0.6459059715270996,
  "mel_mean": -3.106520891189575,
  "mel_std": 0.7178853154182434,
  "mel_has_nan": false,
  "mel_has_inf": false,
  "mel_shape": [
    1,
    362,
    80
  ],
  "mel": {
    "min": -6.104536056518555,
    "max": -0.6459059715270996,
    "mean": -3.106520891189575,
    "std": 0.7178853154182434,
    "has_nan": false,
    "has_inf": false,
    "shape": [
      1,
      362,
      80
    ]
  },
  "f0_exists": true,
  "f0_source": "notes_fallback_naturalized",
  "f0_naturalized": true,
  "f0_raw_npy": "D:\\YiYuTongSheng\\data\\svs\\segments\\opencpop_2018_phrase_005.f0_raw.npy",
  "f0_natural_npy": "D:\\YiYuTongSheng\\data\\svs\\segments\\opencpop_2018_phrase_005.f0_natural.npy",
  "f0_raw_min": 164.81378173828125,
  "f0_raw_max": 293.6647644042969,
  "f0_raw_mean": 259.6376953125,
  "f0_raw_std": 36.848934173583984,
  "f0_raw_has_nan": false,
  "f0_raw_has_inf": false,
  "f0_natural_min": 164.50869750976562,
  "f0_natural_max": 296.3736267089844,
  "f0_natural_mean": 259.57952880859375,
  "f0_natural_std": 36.56753921508789,
  "f0_natural_has_nan": false,
  "f0_natural_has_inf": false,
  "f0_min": 164.50869750976562,
  "f0_max": 296.3736267089844,
  "f0_mean": 259.57952880859375,
  "f0_std": 36.56753921508789,
  "f0_has_nan": false,
  "f0_has_inf": false,
  "f0_shape": [
    1,
    362
  ],
  "f0": {
    "min": 164.50869750976562,
    "max": 296.3736267089844,
    "mean": 259.57952880859375,
    "std": 36.56753921508789,
    "has_nan": false,
    "has_inf": false,
    "shape": [
      1,
      362
    ]
  },
  "vibrato_enabled": true,
  "transition_smoothing_ms": 50,
  "vibrato_rate_hz": 5.5,
  "vibrato_depth_cents": 15,
  "tail_fall_cents": 20,
  "jitter_cents": 2
}
