{
  "item_name": "opencpop_2018_phrase_024",
  "mel_npy": "D:\\YiYuTongSheng\\data\\svs\\segments\\opencpop_2018_phrase_024.mel.npy",
  "mel_min": -5.183159828186035,
  "mel_max": -0.5877680778503418,
  "mel_mean": -2.8855018615722656,
  "mel_std": 0.7914285659790039,
  "mel_has_nan": false,
  "mel_has_inf": false,
  "mel_shape": [
    1,
    508,
    80
  ],
  "mel": {
    "min": -5.183159828186035,
    "max": -0.5877680778503418,
    "mean": -2.8855018615722656,
    "std": 0.7914285659790039,
    "has_nan": false,
    "has_inf": false,
    "shape": [
      1,
      508,
      80
    ]
  },
  "f0_exists": true,
  "f0_source": "notes_fallback_naturalized",
  "f0_naturalized": true,
  "f0_raw_npy": "D:\\YiYuTongSheng\\data\\svs\\segments\\opencpop_2018_phrase_024.f0_raw.npy",
  "f0_natural_npy": "D:\\YiYuTongSheng\\data\\svs\\segments\\opencpop_2018_phrase_024.f0_natural.npy",
  "f0_raw_min": 329.6275634765625,
  "f0_raw_max": 440.0,
  "f0_raw_mean": 379.6588439941406,
  "f0_raw_std": 53.446327209472656,
  "f0_raw_has_nan": false,
  "f0_raw_has_inf": false,
  "f0_natural_min": 325.6726989746094,
  "f0_natural_max": 443.8653869628906,
  "f0_natural_mean": 379.6561584472656,
  "f0_natural_std": 53.24704360961914,
  "f0_natural_has_nan": false,
  "f0_natural_has_inf": false,
  "f0_min": 325.6726989746094,
  "f0_max": 443.8653869628906,
  "f0_mean": 379.6561584472656,
  "f0_std": 53.24704360961914,
  "f0_has_nan": false,
  "f0_has_inf": false,
  "f0_shape": [
    1,
    508
  ],
  "f0": {
    "min": 325.6726989746094,
    "max": 443.8653869628906,
    "mean": 379.6561584472656,
    "std": 53.24704360961914,
    "has_nan": false,
    "has_inf": false,
    "shape": [
      1,
      508
    ]
  },
  "vibrato_enabled": true,
  "transition_smoothing_ms": 50,
  "vibrato_rate_hz": 5.5,
  "vibrato_depth_cents": 15,
  "tail_fall_cents": 20,
  "jitter_cents": 2
}
