{
  "item_name": "opencpop_2018_phrase_012",
  "mel_npy": "D:\\YiYuTongSheng\\data\\svs\\segments\\opencpop_2018_phrase_012.mel.npy",
  "mel_min": -5.83665657043457,
  "mel_max": -0.7280764579772949,
  "mel_mean": -3.108078718185425,
  "mel_std": 0.7357221245765686,
  "mel_has_nan": false,
  "mel_has_inf": false,
  "mel_shape": [
    1,
    974,
    80
  ],
  "mel": {
    "min": -5.83665657043457,
    "max": -0.7280764579772949,
    "mean": -3.108078718185425,
    "std": 0.7357221245765686,
    "has_nan": false,
    "has_inf": false,
    "shape": [
      1,
      974,
      80
    ]
  },
  "f0_exists": true,
  "f0_source": "notes_fallback_naturalized",
  "f0_naturalized": true,
  "f0_raw_npy": "D:\\YiYuTongSheng\\data\\svs\\segments\\opencpop_2018_phrase_012.f0_raw.npy",
  "f0_natural_npy": "D:\\YiYuTongSheng\\data\\svs\\segments\\opencpop_2018_phrase_012.f0_natural.npy",
  "f0_raw_min": 184.99720764160156,
  "f0_raw_max": 293.6647644042969,
  "f0_raw_mean": 230.3206329345703,
  "f0_raw_std": 32.569889068603516,
  "f0_raw_has_nan": false,
  "f0_raw_has_inf": false,
  "f0_natural_min": 183.60853576660156,
  "f0_natural_max": 296.4174499511719,
  "f0_natural_mean": 230.28773498535156,
  "f0_natural_std": 32.354652404785156,
  "f0_natural_has_nan": false,
  "f0_natural_has_inf": false,
  "f0_min": 183.60853576660156,
  "f0_max": 296.4174499511719,
  "f0_mean": 230.28773498535156,
  "f0_std": 32.354652404785156,
  "f0_has_nan": false,
  "f0_has_inf": false,
  "f0_shape": [
    1,
    974
  ],
  "f0": {
    "min": 183.60853576660156,
    "max": 296.4174499511719,
    "mean": 230.28773498535156,
    "std": 32.354652404785156,
    "has_nan": false,
    "has_inf": false,
    "shape": [
      1,
      974
    ]
  },
  "vibrato_enabled": true,
  "transition_smoothing_ms": 50,
  "vibrato_rate_hz": 5.5,
  "vibrato_depth_cents": 15,
  "tail_fall_cents": 20,
  "jitter_cents": 2
}
