{
  "item_name": "opencpop_2018_phrase_033",
  "mel_npy": "D:\\YiYuTongSheng\\data\\svs\\segments\\opencpop_2018_phrase_033.mel.npy",
  "mel_min": -5.960268974304199,
  "mel_max": -0.6604504585266113,
  "mel_mean": -2.975578784942627,
  "mel_std": 0.7290422320365906,
  "mel_has_nan": false,
  "mel_has_inf": false,
  "mel_shape": [
    1,
    830,
    80
  ],
  "mel": {
    "min": -5.960268974304199,
    "max": -0.6604504585266113,
    "mean": -2.975578784942627,
    "std": 0.7290422320365906,
    "has_nan": false,
    "has_inf": false,
    "shape": [
      1,
      830,
      80
    ]
  },
  "f0_exists": true,
  "f0_source": "notes_fallback_naturalized",
  "f0_naturalized": true,
  "f0_raw_npy": "D:\\YiYuTongSheng\\data\\svs\\segments\\opencpop_2018_phrase_033.f0_raw.npy",
  "f0_natural_npy": "D:\\YiYuTongSheng\\data\\svs\\segments\\opencpop_2018_phrase_033.f0_natural.npy",
  "f0_raw_min": 207.65234375,
  "f0_raw_max": 369.9944152832031,
  "f0_raw_mean": 259.34381103515625,
  "f0_raw_std": 57.79742431640625,
  "f0_raw_has_nan": false,
  "f0_raw_has_inf": false,
  "f0_natural_min": 205.92276000976562,
  "f0_natural_max": 370.1916198730469,
  "f0_natural_mean": 259.25128173828125,
  "f0_natural_std": 57.4119758605957,
  "f0_natural_has_nan": false,
  "f0_natural_has_inf": false,
  "f0_min": 205.92276000976562,
  "f0_max": 370.1916198730469,
  "f0_mean": 259.25128173828125,
  "f0_std": 57.4119758605957,
  "f0_has_nan": false,
  "f0_has_inf": false,
  "f0_shape": [
    1,
    830
  ],
  "f0": {
    "min": 205.92276000976562,
    "max": 370.1916198730469,
    "mean": 259.25128173828125,
    "std": 57.4119758605957,
    "has_nan": false,
    "has_inf": false,
    "shape": [
      1,
      830
    ]
  },
  "vibrato_enabled": true,
  "transition_smoothing_ms": 50,
  "vibrato_rate_hz": 5.5,
  "vibrato_depth_cents": 15,
  "tail_fall_cents": 20,
  "jitter_cents": 2
}
