{
  "item_name": "opencpop_2014_phrase_012",
  "mel_npy": "D:\\YiYuTongSheng\\data\\svs\\segments\\opencpop_2014_phrase_012.mel.npy",
  "mel_min": -5.8924102783203125,
  "mel_max": -0.6469850540161133,
  "mel_mean": -2.9100918769836426,
  "mel_std": 0.8104566335678101,
  "mel_has_nan": false,
  "mel_has_inf": false,
  "mel_shape": [
    1,
    953,
    80
  ],
  "mel": {
    "min": -5.8924102783203125,
    "max": -0.6469850540161133,
    "mean": -2.9100918769836426,
    "std": 0.8104566335678101,
    "has_nan": false,
    "has_inf": false,
    "shape": [
      1,
      953,
      80
    ]
  },
  "f0_exists": true,
  "f0_source": "notes_fallback_naturalized",
  "f0_naturalized": true,
  "f0_raw_npy": "D:\\YiYuTongSheng\\data\\svs\\segments\\opencpop_2014_phrase_012.f0_raw.npy",
  "f0_natural_npy": "D:\\YiYuTongSheng\\data\\svs\\segments\\opencpop_2014_phrase_012.f0_natural.npy",
  "f0_raw_min": 261.6255798339844,
  "f0_raw_max": 349.2282409667969,
  "f0_raw_mean": 307.938232421875,
  "f0_raw_std": 23.300373077392578,
  "f0_raw_has_nan": false,
  "f0_raw_has_inf": false,
  "f0_natural_min": 261.14129638671875,
  "f0_natural_max": 352.34832763671875,
  "f0_natural_mean": 307.8814392089844,
  "f0_natural_std": 23.277986526489258,
  "f0_natural_has_nan": false,
  "f0_natural_has_inf": false,
  "f0_min": 261.14129638671875,
  "f0_max": 352.34832763671875,
  "f0_mean": 307.8814392089844,
  "f0_std": 23.277986526489258,
  "f0_has_nan": false,
  "f0_has_inf": false,
  "f0_shape": [
    1,
    953
  ],
  "f0": {
    "min": 261.14129638671875,
    "max": 352.34832763671875,
    "mean": 307.8814392089844,
    "std": 23.277986526489258,
    "has_nan": false,
    "has_inf": false,
    "shape": [
      1,
      953
    ]
  },
  "vibrato_enabled": true,
  "transition_smoothing_ms": 50,
  "vibrato_rate_hz": 5.5,
  "vibrato_depth_cents": 15,
  "tail_fall_cents": 20,
  "jitter_cents": 2
}
