{
  "item_name": "opencpop_2014_phrase_024",
  "mel_npy": "D:\\YiYuTongSheng\\data\\svs\\segments\\opencpop_2014_phrase_024.mel.npy",
  "mel_min": -6.196468353271484,
  "mel_max": -0.63189697265625,
  "mel_mean": -2.9436349868774414,
  "mel_std": 0.8248245716094971,
  "mel_has_nan": false,
  "mel_has_inf": false,
  "mel_shape": [
    1,
    1087,
    80
  ],
  "mel": {
    "min": -6.196468353271484,
    "max": -0.63189697265625,
    "mean": -2.9436349868774414,
    "std": 0.8248245716094971,
    "has_nan": false,
    "has_inf": false,
    "shape": [
      1,
      1087,
      80
    ]
  },
  "f0_exists": true,
  "f0_source": "notes_fallback_naturalized",
  "f0_naturalized": true,
  "f0_raw_npy": "D:\\YiYuTongSheng\\data\\svs\\segments\\opencpop_2014_phrase_024.f0_raw.npy",
  "f0_natural_npy": "D:\\YiYuTongSheng\\data\\svs\\segments\\opencpop_2014_phrase_024.f0_natural.npy",
  "f0_raw_min": 261.6255798339844,
  "f0_raw_max": 391.99542236328125,
  "f0_raw_mean": 334.366455078125,
  "f0_raw_std": 43.12504959106445,
  "f0_raw_has_nan": false,
  "f0_raw_has_inf": false,
  "f0_natural_min": 259.4433898925781,
  "f0_natural_max": 395.4907531738281,
  "f0_natural_mean": 334.28912353515625,
  "f0_natural_std": 42.90436553955078,
  "f0_natural_has_nan": false,
  "f0_natural_has_inf": false,
  "f0_min": 259.4433898925781,
  "f0_max": 395.4907531738281,
  "f0_mean": 334.28912353515625,
  "f0_std": 42.90436553955078,
  "f0_has_nan": false,
  "f0_has_inf": false,
  "f0_shape": [
    1,
    1087
  ],
  "f0": {
    "min": 259.4433898925781,
    "max": 395.4907531738281,
    "mean": 334.28912353515625,
    "std": 42.90436553955078,
    "has_nan": false,
    "has_inf": false,
    "shape": [
      1,
      1087
    ]
  },
  "vibrato_enabled": true,
  "transition_smoothing_ms": 50,
  "vibrato_rate_hz": 5.5,
  "vibrato_depth_cents": 15,
  "tail_fall_cents": 20,
  "jitter_cents": 2
}
