{
  "item_name": "opencpop_2014_phrase_027",
  "mel_npy": "D:\\YiYuTongSheng\\data\\svs\\segments\\opencpop_2014_phrase_027.mel.npy",
  "mel_min": -5.581891059875488,
  "mel_max": -0.41868066787719727,
  "mel_mean": -2.853997230529785,
  "mel_std": 0.8187735080718994,
  "mel_has_nan": false,
  "mel_has_inf": false,
  "mel_shape": [
    1,
    1145,
    80
  ],
  "mel": {
    "min": -5.581891059875488,
    "max": -0.41868066787719727,
    "mean": -2.853997230529785,
    "std": 0.8187735080718994,
    "has_nan": false,
    "has_inf": false,
    "shape": [
      1,
      1145,
      80
    ]
  },
  "f0_exists": true,
  "f0_source": "notes_fallback_naturalized",
  "f0_naturalized": true,
  "f0_raw_npy": "D:\\YiYuTongSheng\\data\\svs\\segments\\opencpop_2014_phrase_027.f0_raw.npy",
  "f0_natural_npy": "D:\\YiYuTongSheng\\data\\svs\\segments\\opencpop_2014_phrase_027.f0_natural.npy",
  "f0_raw_min": 261.6255798339844,
  "f0_raw_max": 523.2511596679688,
  "f0_raw_mean": 375.5870666503906,
  "f0_raw_std": 87.22831726074219,
  "f0_raw_has_nan": false,
  "f0_raw_has_inf": false,
  "f0_natural_min": 259.1074523925781,
  "f0_natural_max": 528.3734741210938,
  "f0_natural_mean": 375.5632019042969,
  "f0_natural_std": 86.75416564941406,
  "f0_natural_has_nan": false,
  "f0_natural_has_inf": false,
  "f0_min": 259.1074523925781,
  "f0_max": 528.3734741210938,
  "f0_mean": 375.5632019042969,
  "f0_std": 86.75416564941406,
  "f0_has_nan": false,
  "f0_has_inf": false,
  "f0_shape": [
    1,
    1145
  ],
  "f0": {
    "min": 259.1074523925781,
    "max": 528.3734741210938,
    "mean": 375.5632019042969,
    "std": 86.75416564941406,
    "has_nan": false,
    "has_inf": false,
    "shape": [
      1,
      1145
    ]
  },
  "vibrato_enabled": true,
  "transition_smoothing_ms": 50,
  "vibrato_rate_hz": 5.5,
  "vibrato_depth_cents": 15,
  "tail_fall_cents": 20,
  "jitter_cents": 2
}
