{
  "item_name": "opencpop_2014_phrase_030",
  "mel_npy": "D:\\YiYuTongSheng\\data\\svs\\segments\\opencpop_2014_phrase_030.mel.npy",
  "mel_min": -5.712821960449219,
  "mel_max": -0.6590542793273926,
  "mel_mean": -2.954251527786255,
  "mel_std": 0.8348782062530518,
  "mel_has_nan": false,
  "mel_has_inf": false,
  "mel_shape": [
    1,
    1058,
    80
  ],
  "mel": {
    "min": -5.712821960449219,
    "max": -0.6590542793273926,
    "mean": -2.954251527786255,
    "std": 0.8348782062530518,
    "has_nan": false,
    "has_inf": false,
    "shape": [
      1,
      1058,
      80
    ]
  },
  "f0_exists": true,
  "f0_source": "notes_fallback_naturalized",
  "f0_naturalized": true,
  "f0_raw_npy": "D:\\YiYuTongSheng\\data\\svs\\segments\\opencpop_2014_phrase_030.f0_raw.npy",
  "f0_natural_npy": "D:\\YiYuTongSheng\\data\\svs\\segments\\opencpop_2014_phrase_030.f0_natural.npy",
  "f0_raw_min": 261.6255798339844,
  "f0_raw_max": 391.99542236328125,
  "f0_raw_mean": 334.95062255859375,
  "f0_raw_std": 42.68394088745117,
  "f0_raw_has_nan": false,
  "f0_raw_has_inf": false,
  "f0_natural_min": 259.48162841796875,
  "f0_natural_max": 395.2520446777344,
  "f0_natural_mean": 334.8972473144531,
  "f0_natural_std": 42.51752853393555,
  "f0_natural_has_nan": false,
  "f0_natural_has_inf": false,
  "f0_min": 259.48162841796875,
  "f0_max": 395.2520446777344,
  "f0_mean": 334.8972473144531,
  "f0_std": 42.51752853393555,
  "f0_has_nan": false,
  "f0_has_inf": false,
  "f0_shape": [
    1,
    1058
  ],
  "f0": {
    "min": 259.48162841796875,
    "max": 395.2520446777344,
    "mean": 334.8972473144531,
    "std": 42.51752853393555,
    "has_nan": false,
    "has_inf": false,
    "shape": [
      1,
      1058
    ]
  },
  "vibrato_enabled": true,
  "transition_smoothing_ms": 50,
  "vibrato_rate_hz": 5.5,
  "vibrato_depth_cents": 15,
  "tail_fall_cents": 20,
  "jitter_cents": 2
}
