{
  "item_name": "opencpop_2018_phrase_002",
  "mel_npy": "D:\\YiYuTongSheng\\data\\svs\\segments\\opencpop_2018_phrase_002.mel.npy",
  "mel_min": -5.2889556884765625,
  "mel_max": -0.4625735282897949,
  "mel_mean": -2.8806018829345703,
  "mel_std": 0.722199559211731,
  "mel_has_nan": false,
  "mel_has_inf": false,
  "mel_shape": [
    1,
    496,
    80
  ],
  "mel": {
    "min": -5.2889556884765625,
    "max": -0.4625735282897949,
    "mean": -2.8806018829345703,
    "std": 0.722199559211731,
    "has_nan": false,
    "has_inf": false,
    "shape": [
      1,
      496,
      80
    ]
  },
  "f0_exists": true,
  "f0_source": "notes_fallback_naturalized",
  "f0_naturalized": true,
  "f0_raw_npy": "D:\\YiYuTongSheng\\data\\svs\\segments\\opencpop_2018_phrase_002.f0_raw.npy",
  "f0_natural_npy": "D:\\YiYuTongSheng\\data\\svs\\segments\\opencpop_2018_phrase_002.f0_natural.npy",
  "f0_raw_min": 220.0,
  "f0_raw_max": 293.6647644042969,
  "f0_raw_mean": 258.63543701171875,
  "f0_raw_std": 21.282024383544922,
  "f0_raw_has_nan": false,
  "f0_raw_has_inf": false,
  "f0_natural_min": 219.6312255859375,
  "f0_natural_max": 294.2508850097656,
  "f0_natural_mean": 258.6228332519531,
  "f0_natural_std": 21.042016983032227,
  "f0_natural_has_nan": false,
  "f0_natural_has_inf": false,
  "f0_min": 219.6312255859375,
  "f0_max": 294.2508850097656,
  "f0_mean": 258.6228332519531,
  "f0_std": 21.042016983032227,
  "f0_has_nan": false,
  "f0_has_inf": false,
  "f0_shape": [
    1,
    496
  ],
  "f0": {
    "min": 219.6312255859375,
    "max": 294.2508850097656,
    "mean": 258.6228332519531,
    "std": 21.042016983032227,
    "has_nan": false,
    "has_inf": false,
    "shape": [
      1,
      496
    ]
  },
  "vibrato_enabled": true,
  "transition_smoothing_ms": 50,
  "vibrato_rate_hz": 5.5,
  "vibrato_depth_cents": 15,
  "tail_fall_cents": 20,
  "jitter_cents": 2
}
