{
  "item_name": "opencpop_2037_phrase_010",
  "mel_npy": "D:\\YiYuTongSheng\\data\\svs\\segments\\opencpop_2037_phrase_010.mel.npy",
  "mel_min": -5.765646934509277,
  "mel_max": -0.3230738639831543,
  "mel_mean": -2.5945544242858887,
  "mel_std": 0.8231659531593323,
  "mel_has_nan": false,
  "mel_has_inf": false,
  "mel_shape": [
    1,
    742,
    80
  ],
  "mel": {
    "min": -5.765646934509277,
    "max": -0.3230738639831543,
    "mean": -2.5945544242858887,
    "std": 0.8231659531593323,
    "has_nan": false,
    "has_inf": false,
    "shape": [
      1,
      742,
      80
    ]
  },
  "f0_exists": true,
  "f0_source": "notes_fallback_naturalized",
  "f0_naturalized": true,
  "f0_raw_npy": "D:\\YiYuTongSheng\\data\\svs\\segments\\opencpop_2037_phrase_010.f0_raw.npy",
  "f0_natural_npy": "D:\\YiYuTongSheng\\data\\svs\\segments\\opencpop_2037_phrase_010.f0_natural.npy",
  "f0_raw_min": 220.0,
  "f0_raw_max": 440.0,
  "f0_raw_mean": 302.7408142089844,
  "f0_raw_std": 78.85511016845703,
  "f0_raw_has_nan": false,
  "f0_raw_has_inf": false,
  "f0_natural_min": 216.84796142578125,
  "f0_natural_max": 444.31719970703125,
  "f0_natural_mean": 302.79400634765625,
  "f0_natural_std": 78.6095199584961,
  "f0_natural_has_nan": false,
  "f0_natural_has_inf": false,
  "f0_min": 216.84796142578125,
  "f0_max": 444.31719970703125,
  "f0_mean": 302.79400634765625,
  "f0_std": 78.6095199584961,
  "f0_has_nan": false,
  "f0_has_inf": false,
  "f0_shape": [
    1,
    742
  ],
  "f0": {
    "min": 216.84796142578125,
    "max": 444.31719970703125,
    "mean": 302.79400634765625,
    "std": 78.6095199584961,
    "has_nan": false,
    "has_inf": false,
    "shape": [
      1,
      742
    ]
  },
  "vibrato_enabled": true,
  "transition_smoothing_ms": 50,
  "vibrato_rate_hz": 5.5,
  "vibrato_depth_cents": 15,
  "tail_fall_cents": 20,
  "jitter_cents": 2
}
