{
  "item_name": "opencpop_2001_phrase_013",
  "mel_npy": "D:\\YiYuTongSheng\\data\\svs\\segments\\opencpop_2001_phrase_013.mel.npy",
  "mel_min": -5.570188522338867,
  "mel_max": -0.5700383186340332,
  "mel_mean": -2.8843042850494385,
  "mel_std": 0.7786931395530701,
  "mel_has_nan": false,
  "mel_has_inf": false,
  "mel_shape": [
    1,
    899,
    80
  ],
  "mel": {
    "min": -5.570188522338867,
    "max": -0.5700383186340332,
    "mean": -2.8843042850494385,
    "std": 0.7786931395530701,
    "has_nan": false,
    "has_inf": false,
    "shape": [
      1,
      899,
      80
    ]
  },
  "f0_exists": true,
  "f0_source": "notes_fallback_naturalized",
  "f0_naturalized": true,
  "f0_raw_npy": "D:\\YiYuTongSheng\\data\\svs\\segments\\opencpop_2001_phrase_013.f0_raw.npy",
  "f0_natural_npy": "D:\\YiYuTongSheng\\data\\svs\\segments\\opencpop_2001_phrase_013.f0_natural.npy",
  "f0_raw_min": 277.1826171875,
  "f0_raw_max": 493.88330078125,
  "f0_raw_mean": 392.0928039550781,
  "f0_raw_std": 78.19280242919922,
  "f0_raw_has_nan": false,
  "f0_raw_has_inf": false,
  "f0_natural_min": 274.5691223144531,
  "f0_natural_max": 495.5351257324219,
  "f0_natural_mean": 392.04156494140625,
  "f0_natural_std": 77.58724212646484,
  "f0_natural_has_nan": false,
  "f0_natural_has_inf": false,
  "f0_min": 274.5691223144531,
  "f0_max": 495.5351257324219,
  "f0_mean": 392.04156494140625,
  "f0_std": 77.58724212646484,
  "f0_has_nan": false,
  "f0_has_inf": false,
  "f0_shape": [
    1,
    899
  ],
  "f0": {
    "min": 274.5691223144531,
    "max": 495.5351257324219,
    "mean": 392.04156494140625,
    "std": 77.58724212646484,
    "has_nan": false,
    "has_inf": false,
    "shape": [
      1,
      899
    ]
  },
  "vibrato_enabled": true,
  "transition_smoothing_ms": 50,
  "vibrato_rate_hz": 5.5,
  "vibrato_depth_cents": 15,
  "tail_fall_cents": 20,
  "jitter_cents": 2
}
