{
  "item_name": "opencpop_2014_phrase_034",
  "mel_npy": "D:\\YiYuTongSheng\\data\\svs\\segments\\opencpop_2014_phrase_034.mel.npy",
  "mel_min": -5.8472490310668945,
  "mel_max": -0.6341805458068848,
  "mel_mean": -2.8781752586364746,
  "mel_std": 0.8011897802352905,
  "mel_has_nan": false,
  "mel_has_inf": false,
  "mel_shape": [
    1,
    1040,
    80
  ],
  "mel": {
    "min": -5.8472490310668945,
    "max": -0.6341805458068848,
    "mean": -2.8781752586364746,
    "std": 0.8011897802352905,
    "has_nan": false,
    "has_inf": false,
    "shape": [
      1,
      1040,
      80
    ]
  },
  "f0_exists": true,
  "f0_source": "notes_fallback_naturalized",
  "f0_naturalized": true,
  "f0_raw_npy": "D:\\YiYuTongSheng\\data\\svs\\segments\\opencpop_2014_phrase_034.f0_raw.npy",
  "f0_natural_npy": "D:\\YiYuTongSheng\\data\\svs\\segments\\opencpop_2014_phrase_034.f0_natural.npy",
  "f0_raw_min": 293.6647644042969,
  "f0_raw_max": 415.3046875,
  "f0_raw_mean": 353.91455078125,
  "f0_raw_std": 45.34849166870117,
  "f0_raw_has_nan": false,
  "f0_raw_has_inf": false,
  "f0_natural_min": 293.6539306640625,
  "f0_natural_max": 419.0903625488281,
  "f0_natural_mean": 353.8849182128906,
  "f0_natural_std": 45.45730209350586,
  "f0_natural_has_nan": false,
  "f0_natural_has_inf": false,
  "f0_min": 293.6539306640625,
  "f0_max": 419.0903625488281,
  "f0_mean": 353.8849182128906,
  "f0_std": 45.45730209350586,
  "f0_has_nan": false,
  "f0_has_inf": false,
  "f0_shape": [
    1,
    1040
  ],
  "f0": {
    "min": 293.6539306640625,
    "max": 419.0903625488281,
    "mean": 353.8849182128906,
    "std": 45.45730209350586,
    "has_nan": false,
    "has_inf": false,
    "shape": [
      1,
      1040
    ]
  },
  "vibrato_enabled": true,
  "transition_smoothing_ms": 50,
  "vibrato_rate_hz": 5.5,
  "vibrato_depth_cents": 15,
  "tail_fall_cents": 20,
  "jitter_cents": 2
}
