{
  "item_name": "opencpop_2014_phrase_028",
  "mel_npy": "D:\\YiYuTongSheng\\data\\svs\\segments\\opencpop_2014_phrase_028.mel.npy",
  "mel_min": -5.960908889770508,
  "mel_max": -0.6621694564819336,
  "mel_mean": -2.848745346069336,
  "mel_std": 0.8312992453575134,
  "mel_has_nan": false,
  "mel_has_inf": false,
  "mel_shape": [
    1,
    1091,
    80
  ],
  "mel": {
    "min": -5.960908889770508,
    "max": -0.6621694564819336,
    "mean": -2.848745346069336,
    "std": 0.8312992453575134,
    "has_nan": false,
    "has_inf": false,
    "shape": [
      1,
      1091,
      80
    ]
  },
  "f0_exists": true,
  "f0_source": "notes_fallback_naturalized",
  "f0_naturalized": true,
  "f0_raw_npy": "D:\\YiYuTongSheng\\data\\svs\\segments\\opencpop_2014_phrase_028.f0_raw.npy",
  "f0_natural_npy": "D:\\YiYuTongSheng\\data\\svs\\segments\\opencpop_2014_phrase_028.f0_natural.npy",
  "f0_raw_min": 293.6647644042969,
  "f0_raw_max": 415.3046875,
  "f0_raw_mean": 351.4813232421875,
  "f0_raw_std": 44.2451286315918,
  "f0_raw_has_nan": false,
  "f0_raw_has_inf": false,
  "f0_natural_min": 293.7261657714844,
  "f0_natural_max": 419.0356750488281,
  "f0_natural_mean": 351.4015197753906,
  "f0_natural_std": 44.28489303588867,
  "f0_natural_has_nan": false,
  "f0_natural_has_inf": false,
  "f0_min": 293.7261657714844,
  "f0_max": 419.0356750488281,
  "f0_mean": 351.4015197753906,
  "f0_std": 44.28489303588867,
  "f0_has_nan": false,
  "f0_has_inf": false,
  "f0_shape": [
    1,
    1091
  ],
  "f0": {
    "min": 293.7261657714844,
    "max": 419.0356750488281,
    "mean": 351.4015197753906,
    "std": 44.28489303588867,
    "has_nan": false,
    "has_inf": false,
    "shape": [
      1,
      1091
    ]
  },
  "vibrato_enabled": true,
  "transition_smoothing_ms": 50,
  "vibrato_rate_hz": 5.5,
  "vibrato_depth_cents": 15,
  "tail_fall_cents": 20,
  "jitter_cents": 2
}
