{
  "item_name": "opencpop_2018_phrase_046",
  "mel_npy": "D:\\YiYuTongSheng\\data\\svs\\segments\\opencpop_2018_phrase_046.mel.npy",
  "mel_min": -5.2466840744018555,
  "mel_max": -0.5732951164245605,
  "mel_mean": -2.701058864593506,
  "mel_std": 0.6925690770149231,
  "mel_has_nan": false,
  "mel_has_inf": false,
  "mel_shape": [
    1,
    439,
    80
  ],
  "mel": {
    "min": -5.2466840744018555,
    "max": -0.5732951164245605,
    "mean": -2.701058864593506,
    "std": 0.6925690770149231,
    "has_nan": false,
    "has_inf": false,
    "shape": [
      1,
      439,
      80
    ]
  },
  "f0_exists": true,
  "f0_source": "notes_fallback_naturalized",
  "f0_naturalized": true,
  "f0_raw_npy": "D:\\YiYuTongSheng\\data\\svs\\segments\\opencpop_2018_phrase_046.f0_raw.npy",
  "f0_natural_npy": "D:\\YiYuTongSheng\\data\\svs\\segments\\opencpop_2018_phrase_046.f0_natural.npy",
  "f0_raw_min": 277.1826171875,
  "f0_raw_max": 493.88330078125,
  "f0_raw_mean": 375.71868896484375,
  "f0_raw_std": 79.49577331542969,
  "f0_raw_has_nan": false,
  "f0_raw_has_inf": false,
  "f0_natural_min": 276.6695251464844,
  "f0_natural_max": 498.29931640625,
  "f0_natural_mean": 375.60577392578125,
  "f0_natural_std": 78.9104995727539,
  "f0_natural_has_nan": false,
  "f0_natural_has_inf": false,
  "f0_min": 276.6695251464844,
  "f0_max": 498.29931640625,
  "f0_mean": 375.60577392578125,
  "f0_std": 78.9104995727539,
  "f0_has_nan": false,
  "f0_has_inf": false,
  "f0_shape": [
    1,
    439
  ],
  "f0": {
    "min": 276.6695251464844,
    "max": 498.29931640625,
    "mean": 375.60577392578125,
    "std": 78.9104995727539,
    "has_nan": false,
    "has_inf": false,
    "shape": [
      1,
      439
    ]
  },
  "vibrato_enabled": true,
  "transition_smoothing_ms": 50,
  "vibrato_rate_hz": 5.5,
  "vibrato_depth_cents": 15,
  "tail_fall_cents": 20,
  "jitter_cents": 2
}
