{
  "item_name": "opencpop_2014_phrase_040",
  "mel_npy": "D:\\YiYuTongSheng\\data\\svs\\segments\\opencpop_2014_phrase_040.mel.npy",
  "mel_min": -5.860660552978516,
  "mel_max": -0.6478209495544434,
  "mel_mean": -2.865398406982422,
  "mel_std": 0.7888665199279785,
  "mel_has_nan": false,
  "mel_has_inf": false,
  "mel_shape": [
    1,
    1224,
    80
  ],
  "mel": {
    "min": -5.860660552978516,
    "max": -0.6478209495544434,
    "mean": -2.865398406982422,
    "std": 0.7888665199279785,
    "has_nan": false,
    "has_inf": false,
    "shape": [
      1,
      1224,
      80
    ]
  },
  "f0_exists": true,
  "f0_source": "notes_fallback_naturalized",
  "f0_naturalized": true,
  "f0_raw_npy": "D:\\YiYuTongSheng\\data\\svs\\segments\\opencpop_2014_phrase_040.f0_raw.npy",
  "f0_natural_npy": "D:\\YiYuTongSheng\\data\\svs\\segments\\opencpop_2014_phrase_040.f0_natural.npy",
  "f0_raw_min": 311.1269836425781,
  "f0_raw_max": 415.3046875,
  "f0_raw_mean": 349.50482177734375,
  "f0_raw_std": 46.85519790649414,
  "f0_raw_has_nan": false,
  "f0_raw_has_inf": false,
  "f0_natural_min": 307.7681579589844,
  "f0_natural_max": 419.5431823730469,
  "f0_natural_mean": 349.5050354003906,
  "f0_natural_std": 46.90358352661133,
  "f0_natural_has_nan": false,
  "f0_natural_has_inf": false,
  "f0_min": 307.7681579589844,
  "f0_max": 419.5431823730469,
  "f0_mean": 349.5050354003906,
  "f0_std": 46.90358352661133,
  "f0_has_nan": false,
  "f0_has_inf": false,
  "f0_shape": [
    1,
    1224
  ],
  "f0": {
    "min": 307.7681579589844,
    "max": 419.5431823730469,
    "mean": 349.5050354003906,
    "std": 46.90358352661133,
    "has_nan": false,
    "has_inf": false,
    "shape": [
      1,
      1224
    ]
  },
  "vibrato_enabled": true,
  "transition_smoothing_ms": 50,
  "vibrato_rate_hz": 5.5,
  "vibrato_depth_cents": 15,
  "tail_fall_cents": 20,
  "jitter_cents": 2
}
