{
  "item_name": "opencpop_2018_phrase_034",
  "mel_npy": "D:\\YiYuTongSheng\\data\\svs\\segments\\opencpop_2018_phrase_034.mel.npy",
  "mel_min": -6.000576496124268,
  "mel_max": -0.693995475769043,
  "mel_mean": -3.0476512908935547,
  "mel_std": 0.7980109453201294,
  "mel_has_nan": false,
  "mel_has_inf": false,
  "mel_shape": [
    1,
    726,
    80
  ],
  "mel": {
    "min": -6.000576496124268,
    "max": -0.693995475769043,
    "mean": -3.0476512908935547,
    "std": 0.7980109453201294,
    "has_nan": false,
    "has_inf": false,
    "shape": [
      1,
      726,
      80
    ]
  },
  "f0_exists": true,
  "f0_source": "notes_fallback_naturalized",
  "f0_naturalized": true,
  "f0_raw_npy": "D:\\YiYuTongSheng\\data\\svs\\segments\\opencpop_2018_phrase_034.f0_raw.npy",
  "f0_natural_npy": "D:\\YiYuTongSheng\\data\\svs\\segments\\opencpop_2018_phrase_034.f0_natural.npy",
  "f0_raw_min": 246.941650390625,
  "f0_raw_max": 369.9944152832031,
  "f0_raw_mean": 302.9800720214844,
  "f0_raw_std": 38.025264739990234,
  "f0_raw_has_nan": false,
  "f0_raw_has_inf": false,
  "f0_natural_min": 243.6243896484375,
  "f0_natural_max": 373.2102355957031,
  "f0_natural_mean": 303.0219421386719,
  "f0_natural_std": 37.926368713378906,
  "f0_natural_has_nan": false,
  "f0_natural_has_inf": false,
  "f0_min": 243.6243896484375,
  "f0_max": 373.2102355957031,
  "f0_mean": 303.0219421386719,
  "f0_std": 37.926368713378906,
  "f0_has_nan": false,
  "f0_has_inf": false,
  "f0_shape": [
    1,
    726
  ],
  "f0": {
    "min": 243.6243896484375,
    "max": 373.2102355957031,
    "mean": 303.0219421386719,
    "std": 37.926368713378906,
    "has_nan": false,
    "has_inf": false,
    "shape": [
      1,
      726
    ]
  },
  "vibrato_enabled": true,
  "transition_smoothing_ms": 50,
  "vibrato_rate_hz": 5.5,
  "vibrato_depth_cents": 15,
  "tail_fall_cents": 20,
  "jitter_cents": 2
}
