{
  "item_name": "opencpop_2014_phrase_035",
  "mel_npy": "D:\\YiYuTongSheng\\data\\svs\\segments\\opencpop_2014_phrase_035.mel.npy",
  "mel_min": -5.96311616897583,
  "mel_max": -0.6123847961425781,
  "mel_mean": -2.822608709335327,
  "mel_std": 0.7758498787879944,
  "mel_has_nan": false,
  "mel_has_inf": false,
  "mel_shape": [
    1,
    1138,
    80
  ],
  "mel": {
    "min": -5.96311616897583,
    "max": -0.6123847961425781,
    "mean": -2.822608709335327,
    "std": 0.7758498787879944,
    "has_nan": false,
    "has_inf": false,
    "shape": [
      1,
      1138,
      80
    ]
  },
  "f0_exists": true,
  "f0_source": "notes_fallback_naturalized",
  "f0_naturalized": true,
  "f0_raw_npy": "D:\\YiYuTongSheng\\data\\svs\\segments\\opencpop_2014_phrase_035.f0_raw.npy",
  "f0_natural_npy": "D:\\YiYuTongSheng\\data\\svs\\segments\\opencpop_2014_phrase_035.f0_natural.npy",
  "f0_raw_min": 311.1269836425781,
  "f0_raw_max": 415.3046875,
  "f0_raw_mean": 361.9173889160156,
  "f0_raw_std": 38.570011138916016,
  "f0_raw_has_nan": false,
  "f0_raw_has_inf": false,
  "f0_natural_min": 308.3462829589844,
  "f0_natural_max": 419.3619384765625,
  "f0_natural_mean": 361.8966979980469,
  "f0_natural_std": 38.450157165527344,
  "f0_natural_has_nan": false,
  "f0_natural_has_inf": false,
  "f0_min": 308.3462829589844,
  "f0_max": 419.3619384765625,
  "f0_mean": 361.8966979980469,
  "f0_std": 38.450157165527344,
  "f0_has_nan": false,
  "f0_has_inf": false,
  "f0_shape": [
    1,
    1138
  ],
  "f0": {
    "min": 308.3462829589844,
    "max": 419.3619384765625,
    "mean": 361.8966979980469,
    "std": 38.450157165527344,
    "has_nan": false,
    "has_inf": false,
    "shape": [
      1,
      1138
    ]
  },
  "vibrato_enabled": true,
  "transition_smoothing_ms": 50,
  "vibrato_rate_hz": 5.5,
  "vibrato_depth_cents": 15,
  "tail_fall_cents": 20,
  "jitter_cents": 2
}
