{
  "item_name": "opencpop_2037_phrase_035",
  "mel_npy": "D:\\YiYuTongSheng\\data\\svs\\segments\\opencpop_2037_phrase_035.mel.npy",
  "mel_min": -5.485286712646484,
  "mel_max": -0.38770437240600586,
  "mel_mean": -2.6427536010742188,
  "mel_std": 0.8494411706924438,
  "mel_has_nan": false,
  "mel_has_inf": false,
  "mel_shape": [
    1,
    468,
    80
  ],
  "mel": {
    "min": -5.485286712646484,
    "max": -0.38770437240600586,
    "mean": -2.6427536010742188,
    "std": 0.8494411706924438,
    "has_nan": false,
    "has_inf": false,
    "shape": [
      1,
      468,
      80
    ]
  },
  "f0_exists": true,
  "f0_source": "notes_fallback_naturalized",
  "f0_naturalized": true,
  "f0_raw_npy": "D:\\YiYuTongSheng\\data\\svs\\segments\\opencpop_2037_phrase_035.f0_raw.npy",
  "f0_natural_npy": "D:\\YiYuTongSheng\\data\\svs\\segments\\opencpop_2037_phrase_035.f0_natural.npy",
  "f0_raw_min": 329.6275634765625,
  "f0_raw_max": 391.99542236328125,
  "f0_raw_mean": 373.1531677246094,
  "f0_raw_std": 24.222026824951172,
  "f0_raw_has_nan": false,
  "f0_raw_has_inf": false,
  "f0_natural_min": 327.3172302246094,
  "f0_natural_max": 395.87652587890625,
  "f0_natural_mean": 373.1129150390625,
  "f0_natural_std": 23.850322723388672,
  "f0_natural_has_nan": false,
  "f0_natural_has_inf": false,
  "f0_min": 327.3172302246094,
  "f0_max": 395.87652587890625,
  "f0_mean": 373.1129150390625,
  "f0_std": 23.850322723388672,
  "f0_has_nan": false,
  "f0_has_inf": false,
  "f0_shape": [
    1,
    468
  ],
  "f0": {
    "min": 327.3172302246094,
    "max": 395.87652587890625,
    "mean": 373.1129150390625,
    "std": 23.850322723388672,
    "has_nan": false,
    "has_inf": false,
    "shape": [
      1,
      468
    ]
  },
  "vibrato_enabled": true,
  "transition_smoothing_ms": 50,
  "vibrato_rate_hz": 5.5,
  "vibrato_depth_cents": 15,
  "tail_fall_cents": 20,
  "jitter_cents": 2
}
