{
  "item_name": "opencpop_2001_phrase_006",
  "mel_npy": "D:\\YiYuTongSheng\\data\\svs\\segments\\opencpop_2001_phrase_006.mel.npy",
  "mel_min": -5.677192211151123,
  "mel_max": -0.8020443916320801,
  "mel_mean": -3.0281498432159424,
  "mel_std": 0.7729485630989075,
  "mel_has_nan": false,
  "mel_has_inf": false,
  "mel_shape": [
    1,
    789,
    80
  ],
  "mel": {
    "min": -5.677192211151123,
    "max": -0.8020443916320801,
    "mean": -3.0281498432159424,
    "std": 0.7729485630989075,
    "has_nan": false,
    "has_inf": false,
    "shape": [
      1,
      789,
      80
    ]
  },
  "f0_exists": true,
  "f0_source": "notes_fallback_naturalized",
  "f0_naturalized": true,
  "f0_raw_npy": "D:\\YiYuTongSheng\\data\\svs\\segments\\opencpop_2001_phrase_006.f0_raw.npy",
  "f0_natural_npy": "D:\\YiYuTongSheng\\data\\svs\\segments\\opencpop_2001_phrase_006.f0_natural.npy",
  "f0_raw_min": 329.6275634765625,
  "f0_raw_max": 440.0,
  "f0_raw_mean": 379.89599609375,
  "f0_raw_std": 35.0005989074707,
  "f0_raw_has_nan": false,
  "f0_raw_has_inf": false,
  "f0_natural_min": 327.0401916503906,
  "f0_natural_max": 441.4620361328125,
  "f0_natural_mean": 379.8154296875,
  "f0_natural_std": 34.631065368652344,
  "f0_natural_has_nan": false,
  "f0_natural_has_inf": false,
  "f0_min": 327.0401916503906,
  "f0_max": 441.4620361328125,
  "f0_mean": 379.8154296875,
  "f0_std": 34.631065368652344,
  "f0_has_nan": false,
  "f0_has_inf": false,
  "f0_shape": [
    1,
    789
  ],
  "f0": {
    "min": 327.0401916503906,
    "max": 441.4620361328125,
    "mean": 379.8154296875,
    "std": 34.631065368652344,
    "has_nan": false,
    "has_inf": false,
    "shape": [
      1,
      789
    ]
  },
  "vibrato_enabled": true,
  "transition_smoothing_ms": 50,
  "vibrato_rate_hz": 5.5,
  "vibrato_depth_cents": 15,
  "tail_fall_cents": 20,
  "jitter_cents": 2
}
