{
  "item_name": "opencpop_2018_phrase_016",
  "mel_npy": "D:\\YiYuTongSheng\\data\\svs\\segments\\opencpop_2018_phrase_016.mel.npy",
  "mel_min": -5.924735069274902,
  "mel_max": -0.6898665428161621,
  "mel_mean": -2.863912582397461,
  "mel_std": 0.7710241079330444,
  "mel_has_nan": false,
  "mel_has_inf": false,
  "mel_shape": [
    1,
    987,
    80
  ],
  "mel": {
    "min": -5.924735069274902,
    "max": -0.6898665428161621,
    "mean": -2.863912582397461,
    "std": 0.7710241079330444,
    "has_nan": false,
    "has_inf": false,
    "shape": [
      1,
      987,
      80
    ]
  },
  "f0_exists": true,
  "f0_source": "notes_fallback_naturalized",
  "f0_naturalized": true,
  "f0_raw_npy": "D:\\YiYuTongSheng\\data\\svs\\segments\\opencpop_2018_phrase_016.f0_raw.npy",
  "f0_natural_npy": "D:\\YiYuTongSheng\\data\\svs\\segments\\opencpop_2018_phrase_016.f0_natural.npy",
  "f0_raw_min": 220.0,
  "f0_raw_max": 440.0,
  "f0_raw_mean": 348.2227783203125,
  "f0_raw_std": 68.22547912597656,
  "f0_raw_has_nan": false,
  "f0_raw_has_inf": false,
  "f0_natural_min": 217.04347229003906,
  "f0_natural_max": 440.221923828125,
  "f0_natural_mean": 348.2353210449219,
  "f0_natural_std": 67.96988677978516,
  "f0_natural_has_nan": false,
  "f0_natural_has_inf": false,
  "f0_min": 217.04347229003906,
  "f0_max": 440.221923828125,
  "f0_mean": 348.2353210449219,
  "f0_std": 67.96988677978516,
  "f0_has_nan": false,
  "f0_has_inf": false,
  "f0_shape": [
    1,
    987
  ],
  "f0": {
    "min": 217.04347229003906,
    "max": 440.221923828125,
    "mean": 348.2353210449219,
    "std": 67.96988677978516,
    "has_nan": false,
    "has_inf": false,
    "shape": [
      1,
      987
    ]
  },
  "vibrato_enabled": true,
  "transition_smoothing_ms": 50,
  "vibrato_rate_hz": 5.5,
  "vibrato_depth_cents": 15,
  "tail_fall_cents": 20,
  "jitter_cents": 2
}
