{
  "item_name": "opencpop_2014_phrase_029",
  "mel_npy": "D:\\YiYuTongSheng\\data\\svs\\segments\\opencpop_2014_phrase_029.mel.npy",
  "mel_min": -6.36204195022583,
  "mel_max": -0.5288529396057129,
  "mel_mean": -2.886967658996582,
  "mel_std": 0.7937623262405396,
  "mel_has_nan": false,
  "mel_has_inf": false,
  "mel_shape": [
    1,
    997,
    80
  ],
  "mel": {
    "min": -6.36204195022583,
    "max": -0.5288529396057129,
    "mean": -2.886967658996582,
    "std": 0.7937623262405396,
    "has_nan": false,
    "has_inf": false,
    "shape": [
      1,
      997,
      80
    ]
  },
  "f0_exists": true,
  "f0_source": "notes_fallback_naturalized",
  "f0_naturalized": true,
  "f0_raw_npy": "D:\\YiYuTongSheng\\data\\svs\\segments\\opencpop_2014_phrase_029.f0_raw.npy",
  "f0_natural_npy": "D:\\YiYuTongSheng\\data\\svs\\segments\\opencpop_2014_phrase_029.f0_natural.npy",
  "f0_raw_min": 261.6255798339844,
  "f0_raw_max": 466.16375732421875,
  "f0_raw_mean": 365.69671630859375,
  "f0_raw_std": 73.30069732666016,
  "f0_raw_has_nan": false,
  "f0_raw_has_inf": false,
  "f0_natural_min": 261.14129638671875,
  "f0_natural_max": 470.0851745605469,
  "f0_natural_mean": 365.6827392578125,
  "f0_natural_std": 72.74337005615234,
  "f0_natural_has_nan": false,
  "f0_natural_has_inf": false,
  "f0_min": 261.14129638671875,
  "f0_max": 470.0851745605469,
  "f0_mean": 365.6827392578125,
  "f0_std": 72.74337005615234,
  "f0_has_nan": false,
  "f0_has_inf": false,
  "f0_shape": [
    1,
    997
  ],
  "f0": {
    "min": 261.14129638671875,
    "max": 470.0851745605469,
    "mean": 365.6827392578125,
    "std": 72.74337005615234,
    "has_nan": false,
    "has_inf": false,
    "shape": [
      1,
      997
    ]
  },
  "vibrato_enabled": true,
  "transition_smoothing_ms": 50,
  "vibrato_rate_hz": 5.5,
  "vibrato_depth_cents": 15,
  "tail_fall_cents": 20,
  "jitter_cents": 2
}
