{
  "item_name": "opencpop_2018_phrase_057",
  "mel_npy": "D:\\YiYuTongSheng\\data\\svs\\segments\\opencpop_2018_phrase_057.mel.npy",
  "mel_min": -5.6785383224487305,
  "mel_max": -0.5227413177490234,
  "mel_mean": -2.869274377822876,
  "mel_std": 0.7705416679382324,
  "mel_has_nan": false,
  "mel_has_inf": false,
  "mel_shape": [
    1,
    1153,
    80
  ],
  "mel": {
    "min": -5.6785383224487305,
    "max": -0.5227413177490234,
    "mean": -2.869274377822876,
    "std": 0.7705416679382324,
    "has_nan": false,
    "has_inf": false,
    "shape": [
      1,
      1153,
      80
    ]
  },
  "f0_exists": true,
  "f0_source": "notes_fallback_naturalized",
  "f0_naturalized": true,
  "f0_raw_npy": "D:\\YiYuTongSheng\\data\\svs\\segments\\opencpop_2018_phrase_057.f0_raw.npy",
  "f0_natural_npy": "D:\\YiYuTongSheng\\data\\svs\\segments\\opencpop_2018_phrase_057.f0_natural.npy",
  "f0_raw_min": 329.6275634765625,
  "f0_raw_max": 554.365234375,
  "f0_raw_mean": 456.89923095703125,
  "f0_raw_std": 60.35683822631836,
  "f0_raw_has_nan": false,
  "f0_raw_has_inf": false,
  "f0_natural_min": 327.0296630859375,
  "f0_natural_max": 560.0772705078125,
  "f0_natural_mean": 456.8674621582031,
  "f0_natural_std": 60.13975524902344,
  "f0_natural_has_nan": false,
  "f0_natural_has_inf": false,
  "f0_min": 327.0296630859375,
  "f0_max": 560.0772705078125,
  "f0_mean": 456.8674621582031,
  "f0_std": 60.13975524902344,
  "f0_has_nan": false,
  "f0_has_inf": false,
  "f0_shape": [
    1,
    1153
  ],
  "f0": {
    "min": 327.0296630859375,
    "max": 560.0772705078125,
    "mean": 456.8674621582031,
    "std": 60.13975524902344,
    "has_nan": false,
    "has_inf": false,
    "shape": [
      1,
      1153
    ]
  },
  "vibrato_enabled": true,
  "transition_smoothing_ms": 50,
  "vibrato_rate_hz": 5.5,
  "vibrato_depth_cents": 15,
  "tail_fall_cents": 20,
  "jitter_cents": 2
}
