{
  "item_name": "opencpop_2018_phrase_032",
  "mel_npy": "D:\\YiYuTongSheng\\data\\svs\\segments\\opencpop_2018_phrase_032.mel.npy",
  "mel_min": -5.779857158660889,
  "mel_max": -0.6570167541503906,
  "mel_mean": -3.031399726867676,
  "mel_std": 0.7621117234230042,
  "mel_has_nan": false,
  "mel_has_inf": false,
  "mel_shape": [
    1,
    539,
    80
  ],
  "mel": {
    "min": -5.779857158660889,
    "max": -0.6570167541503906,
    "mean": -3.031399726867676,
    "std": 0.7621117234230042,
    "has_nan": false,
    "has_inf": false,
    "shape": [
      1,
      539,
      80
    ]
  },
  "f0_exists": true,
  "f0_source": "notes_fallback_naturalized",
  "f0_naturalized": true,
  "f0_raw_npy": "D:\\YiYuTongSheng\\data\\svs\\segments\\opencpop_2018_phrase_032.f0_raw.npy",
  "f0_natural_npy": "D:\\YiYuTongSheng\\data\\svs\\segments\\opencpop_2018_phrase_032.f0_natural.npy",
  "f0_raw_min": 220.0,
  "f0_raw_max": 293.6647644042969,
  "f0_raw_mean": 260.82647705078125,
  "f0_raw_std": 18.438814163208008,
  "f0_raw_has_nan": false,
  "f0_raw_has_inf": false,
  "f0_natural_min": 220.18197631835938,
  "f0_natural_max": 293.91717529296875,
  "f0_natural_mean": 260.7957458496094,
  "f0_natural_std": 18.153499603271484,
  "f0_natural_has_nan": false,
  "f0_natural_has_inf": false,
  "f0_min": 220.18197631835938,
  "f0_max": 293.91717529296875,
  "f0_mean": 260.7957458496094,
  "f0_std": 18.153499603271484,
  "f0_has_nan": false,
  "f0_has_inf": false,
  "f0_shape": [
    1,
    539
  ],
  "f0": {
    "min": 220.18197631835938,
    "max": 293.91717529296875,
    "mean": 260.7957458496094,
    "std": 18.153499603271484,
    "has_nan": false,
    "has_inf": false,
    "shape": [
      1,
      539
    ]
  },
  "vibrato_enabled": true,
  "transition_smoothing_ms": 50,
  "vibrato_rate_hz": 5.5,
  "vibrato_depth_cents": 15,
  "tail_fall_cents": 20,
  "jitter_cents": 2
}
