{
  "item_name": "opencpop_2014_phrase_006",
  "mel_npy": "D:\\YiYuTongSheng\\data\\svs\\segments\\opencpop_2014_phrase_006.mel.npy",
  "mel_min": -5.995333671569824,
  "mel_max": -0.6966514587402344,
  "mel_mean": -2.9597513675689697,
  "mel_std": 0.7783694863319397,
  "mel_has_nan": false,
  "mel_has_inf": false,
  "mel_shape": [
    1,
    819,
    80
  ],
  "mel": {
    "min": -5.995333671569824,
    "max": -0.6966514587402344,
    "mean": -2.9597513675689697,
    "std": 0.7783694863319397,
    "has_nan": false,
    "has_inf": false,
    "shape": [
      1,
      819,
      80
    ]
  },
  "f0_exists": true,
  "f0_source": "notes_fallback_naturalized",
  "f0_naturalized": true,
  "f0_raw_npy": "D:\\YiYuTongSheng\\data\\svs\\segments\\opencpop_2014_phrase_006.f0_raw.npy",
  "f0_natural_npy": "D:\\YiYuTongSheng\\data\\svs\\segments\\opencpop_2014_phrase_006.f0_natural.npy",
  "f0_raw_min": 174.61412048339844,
  "f0_raw_max": 261.6255798339844,
  "f0_raw_mean": 223.46994018554688,
  "f0_raw_std": 31.919301986694336,
  "f0_raw_has_nan": false,
  "f0_raw_has_inf": false,
  "f0_natural_min": 173.18258666992188,
  "f0_natural_max": 264.58172607421875,
  "f0_natural_mean": 223.47509765625,
  "f0_natural_std": 31.90487289428711,
  "f0_natural_has_nan": false,
  "f0_natural_has_inf": false,
  "f0_min": 173.18258666992188,
  "f0_max": 264.58172607421875,
  "f0_mean": 223.47509765625,
  "f0_std": 31.90487289428711,
  "f0_has_nan": false,
  "f0_has_inf": false,
  "f0_shape": [
    1,
    819
  ],
  "f0": {
    "min": 173.18258666992188,
    "max": 264.58172607421875,
    "mean": 223.47509765625,
    "std": 31.90487289428711,
    "has_nan": false,
    "has_inf": false,
    "shape": [
      1,
      819
    ]
  },
  "vibrato_enabled": true,
  "transition_smoothing_ms": 50,
  "vibrato_rate_hz": 5.5,
  "vibrato_depth_cents": 15,
  "tail_fall_cents": 20,
  "jitter_cents": 2
}
