{
  "item_name": "opencpop_2018_phrase_055",
  "mel_npy": "D:\\YiYuTongSheng\\data\\svs\\segments\\opencpop_2018_phrase_055.mel.npy",
  "mel_min": -5.612894058227539,
  "mel_max": -0.3838768005371094,
  "mel_mean": -2.7236266136169434,
  "mel_std": 0.8064327836036682,
  "mel_has_nan": false,
  "mel_has_inf": false,
  "mel_shape": [
    1,
    510,
    80
  ],
  "mel": {
    "min": -5.612894058227539,
    "max": -0.3838768005371094,
    "mean": -2.7236266136169434,
    "std": 0.8064327836036682,
    "has_nan": false,
    "has_inf": false,
    "shape": [
      1,
      510,
      80
    ]
  },
  "f0_exists": true,
  "f0_source": "notes_fallback_naturalized",
  "f0_naturalized": true,
  "f0_raw_npy": "D:\\YiYuTongSheng\\data\\svs\\segments\\opencpop_2018_phrase_055.f0_raw.npy",
  "f0_natural_npy": "D:\\YiYuTongSheng\\data\\svs\\segments\\opencpop_2018_phrase_055.f0_natural.npy",
  "f0_raw_min": 329.6275634765625,
  "f0_raw_max": 440.0,
  "f0_raw_mean": 377.7313232421875,
  "f0_raw_std": 53.23118591308594,
  "f0_raw_has_nan": false,
  "f0_raw_has_inf": false,
  "f0_natural_min": 325.3138732910156,
  "f0_natural_max": 444.031494140625,
  "f0_natural_mean": 377.70196533203125,
  "f0_natural_std": 52.96818161010742,
  "f0_natural_has_nan": false,
  "f0_natural_has_inf": false,
  "f0_min": 325.3138732910156,
  "f0_max": 444.031494140625,
  "f0_mean": 377.70196533203125,
  "f0_std": 52.96818161010742,
  "f0_has_nan": false,
  "f0_has_inf": false,
  "f0_shape": [
    1,
    510
  ],
  "f0": {
    "min": 325.3138732910156,
    "max": 444.031494140625,
    "mean": 377.70196533203125,
    "std": 52.96818161010742,
    "has_nan": false,
    "has_inf": false,
    "shape": [
      1,
      510
    ]
  },
  "vibrato_enabled": true,
  "transition_smoothing_ms": 50,
  "vibrato_rate_hz": 5.5,
  "vibrato_depth_cents": 15,
  "tail_fall_cents": 20,
  "jitter_cents": 2
}
