{
  "item_name": "opencpop_2041_phrase_011",
  "mel_npy": "D:\\YiYuTongSheng\\data\\svs\\segments\\opencpop_2041_phrase_011.mel.npy",
  "mel_min": -6.003067970275879,
  "mel_max": -0.4536013603210449,
  "mel_mean": -2.8732593059539795,
  "mel_std": 0.8188581466674805,
  "mel_has_nan": false,
  "mel_has_inf": false,
  "mel_shape": [
    1,
    1021,
    80
  ],
  "mel": {
    "min": -6.003067970275879,
    "max": -0.4536013603210449,
    "mean": -2.8732593059539795,
    "std": 0.8188581466674805,
    "has_nan": false,
    "has_inf": false,
    "shape": [
      1,
      1021,
      80
    ]
  },
  "f0_exists": true,
  "f0_source": "notes_fallback_naturalized",
  "f0_naturalized": true,
  "f0_raw_npy": "D:\\YiYuTongSheng\\data\\svs\\segments\\opencpop_2041_phrase_011.f0_raw.npy",
  "f0_natural_npy": "D:\\YiYuTongSheng\\data\\svs\\segments\\opencpop_2041_phrase_011.f0_natural.npy",
  "f0_raw_min": 233.08187866210938,
  "f0_raw_max": 466.16375732421875,
  "f0_raw_mean": 332.32537841796875,
  "f0_raw_std": 77.74627685546875,
  "f0_raw_has_nan": false,
  "f0_raw_has_inf": false,
  "f0_natural_min": 230.9669647216797,
  "f0_natural_max": 470.3321228027344,
  "f0_natural_mean": 332.3516540527344,
  "f0_natural_std": 77.26954650878906,
  "f0_natural_has_nan": false,
  "f0_natural_has_inf": false,
  "f0_min": 230.9669647216797,
  "f0_max": 470.3321228027344,
  "f0_mean": 332.3516540527344,
  "f0_std": 77.26954650878906,
  "f0_has_nan": false,
  "f0_has_inf": false,
  "f0_shape": [
    1,
    1021
  ],
  "f0": {
    "min": 230.9669647216797,
    "max": 470.3321228027344,
    "mean": 332.3516540527344,
    "std": 77.26954650878906,
    "has_nan": false,
    "has_inf": false,
    "shape": [
      1,
      1021
    ]
  },
  "vibrato_enabled": true,
  "transition_smoothing_ms": 50,
  "vibrato_rate_hz": 5.5,
  "vibrato_depth_cents": 15,
  "tail_fall_cents": 20,
  "jitter_cents": 2
}
