{
  "item_name": "opencpop_2001_phrase_008",
  "mel_npy": "D:\\YiYuTongSheng\\data\\svs\\segments\\opencpop_2001_phrase_008.mel.npy",
  "mel_min": -5.929368495941162,
  "mel_max": -0.4635629653930664,
  "mel_mean": -3.096890926361084,
  "mel_std": 0.8373949527740479,
  "mel_has_nan": false,
  "mel_has_inf": false,
  "mel_shape": [
    1,
    885,
    80
  ],
  "mel": {
    "min": -5.929368495941162,
    "max": -0.4635629653930664,
    "mean": -3.096890926361084,
    "std": 0.8373949527740479,
    "has_nan": false,
    "has_inf": false,
    "shape": [
      1,
      885,
      80
    ]
  },
  "f0_exists": true,
  "f0_source": "notes_fallback_naturalized",
  "f0_naturalized": true,
  "f0_raw_npy": "D:\\YiYuTongSheng\\data\\svs\\segments\\opencpop_2001_phrase_008.f0_raw.npy",
  "f0_natural_npy": "D:\\YiYuTongSheng\\data\\svs\\segments\\opencpop_2001_phrase_008.f0_natural.npy",
  "f0_raw_min": 329.6275634765625,
  "f0_raw_max": 493.88330078125,
  "f0_raw_mean": 397.56524658203125,
  "f0_raw_std": 51.72376251220703,
  "f0_raw_has_nan": false,
  "f0_raw_has_inf": false,
  "f0_natural_min": 329.01739501953125,
  "f0_natural_max": 498.6351013183594,
  "f0_natural_mean": 397.5586853027344,
  "f0_natural_std": 51.45441436767578,
  "f0_natural_has_nan": false,
  "f0_natural_has_inf": false,
  "f0_min": 329.01739501953125,
  "f0_max": 498.6351013183594,
  "f0_mean": 397.5586853027344,
  "f0_std": 51.45441436767578,
  "f0_has_nan": false,
  "f0_has_inf": false,
  "f0_shape": [
    1,
    885
  ],
  "f0": {
    "min": 329.01739501953125,
    "max": 498.6351013183594,
    "mean": 397.5586853027344,
    "std": 51.45441436767578,
    "has_nan": false,
    "has_inf": false,
    "shape": [
      1,
      885
    ]
  },
  "vibrato_enabled": true,
  "transition_smoothing_ms": 50,
  "vibrato_rate_hz": 5.5,
  "vibrato_depth_cents": 15,
  "tail_fall_cents": 20,
  "jitter_cents": 2
}
