{
  "item_name": "opencpop_2018_phrase_008",
  "mel_npy": "D:\\YiYuTongSheng\\data\\svs\\segments\\opencpop_2018_phrase_008.mel.npy",
  "mel_min": -5.963540554046631,
  "mel_max": -0.6668758392333984,
  "mel_mean": -3.026155471801758,
  "mel_std": 0.7615550756454468,
  "mel_has_nan": false,
  "mel_has_inf": false,
  "mel_shape": [
    1,
    529,
    80
  ],
  "mel": {
    "min": -5.963540554046631,
    "max": -0.6668758392333984,
    "mean": -3.026155471801758,
    "std": 0.7615550756454468,
    "has_nan": false,
    "has_inf": false,
    "shape": [
      1,
      529,
      80
    ]
  },
  "f0_exists": true,
  "f0_source": "notes_fallback_naturalized",
  "f0_naturalized": true,
  "f0_raw_npy": "D:\\YiYuTongSheng\\data\\svs\\segments\\opencpop_2018_phrase_008.f0_raw.npy",
  "f0_natural_npy": "D:\\YiYuTongSheng\\data\\svs\\segments\\opencpop_2018_phrase_008.f0_natural.npy",
  "f0_raw_min": 220.0,
  "f0_raw_max": 293.6647644042969,
  "f0_raw_mean": 260.78631591796875,
  "f0_raw_std": 19.036983489990234,
  "f0_raw_has_nan": false,
  "f0_raw_has_inf": false,
  "f0_natural_min": 220.1702880859375,
  "f0_natural_max": 294.03277587890625,
  "f0_natural_mean": 260.7561950683594,
  "f0_natural_std": 18.779659271240234,
  "f0_natural_has_nan": false,
  "f0_natural_has_inf": false,
  "f0_min": 220.1702880859375,
  "f0_max": 294.03277587890625,
  "f0_mean": 260.7561950683594,
  "f0_std": 18.779659271240234,
  "f0_has_nan": false,
  "f0_has_inf": false,
  "f0_shape": [
    1,
    529
  ],
  "f0": {
    "min": 220.1702880859375,
    "max": 294.03277587890625,
    "mean": 260.7561950683594,
    "std": 18.779659271240234,
    "has_nan": false,
    "has_inf": false,
    "shape": [
      1,
      529
    ]
  },
  "vibrato_enabled": true,
  "transition_smoothing_ms": 50,
  "vibrato_rate_hz": 5.5,
  "vibrato_depth_cents": 15,
  "tail_fall_cents": 20,
  "jitter_cents": 2
}
