{
  "item_name": "opencpop_2018_phrase_021",
  "mel_npy": "D:\\YiYuTongSheng\\data\\svs\\segments\\opencpop_2018_phrase_021.mel.npy",
  "mel_min": -5.86118745803833,
  "mel_max": -0.6066727638244629,
  "mel_mean": -2.966468095779419,
  "mel_std": 0.746633768081665,
  "mel_has_nan": false,
  "mel_has_inf": false,
  "mel_shape": [
    1,
    553,
    80
  ],
  "mel": {
    "min": -5.86118745803833,
    "max": -0.6066727638244629,
    "mean": -2.966468095779419,
    "std": 0.746633768081665,
    "has_nan": false,
    "has_inf": false,
    "shape": [
      1,
      553,
      80
    ]
  },
  "f0_exists": true,
  "f0_source": "notes_fallback_naturalized",
  "f0_naturalized": true,
  "f0_raw_npy": "D:\\YiYuTongSheng\\data\\svs\\segments\\opencpop_2018_phrase_021.f0_raw.npy",
  "f0_natural_npy": "D:\\YiYuTongSheng\\data\\svs\\segments\\opencpop_2018_phrase_021.f0_natural.npy",
  "f0_raw_min": 246.941650390625,
  "f0_raw_max": 369.9944152832031,
  "f0_raw_mean": 303.9514465332031,
  "f0_raw_std": 36.35786819458008,
  "f0_raw_has_nan": false,
  "f0_raw_has_inf": false,
  "f0_natural_min": 246.4845428466797,
  "f0_natural_max": 370.7269287109375,
  "f0_natural_mean": 303.93182373046875,
  "f0_natural_std": 36.095706939697266,
  "f0_natural_has_nan": false,
  "f0_natural_has_inf": false,
  "f0_min": 246.4845428466797,
  "f0_max": 370.7269287109375,
  "f0_mean": 303.93182373046875,
  "f0_std": 36.095706939697266,
  "f0_has_nan": false,
  "f0_has_inf": false,
  "f0_shape": [
    1,
    553
  ],
  "f0": {
    "min": 246.4845428466797,
    "max": 370.7269287109375,
    "mean": 303.93182373046875,
    "std": 36.095706939697266,
    "has_nan": false,
    "has_inf": false,
    "shape": [
      1,
      553
    ]
  },
  "vibrato_enabled": true,
  "transition_smoothing_ms": 50,
  "vibrato_rate_hz": 5.5,
  "vibrato_depth_cents": 15,
  "tail_fall_cents": 20,
  "jitter_cents": 2
}
