{
  "item_name": "opencpop_2018_phrase_010",
  "mel_npy": "D:\\YiYuTongSheng\\data\\svs\\segments\\opencpop_2018_phrase_010.mel.npy",
  "mel_min": -5.8357319831848145,
  "mel_max": -0.7416768074035645,
  "mel_mean": -3.0512664318084717,
  "mel_std": 0.7919676899909973,
  "mel_has_nan": false,
  "mel_has_inf": false,
  "mel_shape": [
    1,
    723,
    80
  ],
  "mel": {
    "min": -5.8357319831848145,
    "max": -0.7416768074035645,
    "mean": -3.0512664318084717,
    "std": 0.7919676899909973,
    "has_nan": false,
    "has_inf": false,
    "shape": [
      1,
      723,
      80
    ]
  },
  "f0_exists": true,
  "f0_source": "notes_fallback_naturalized",
  "f0_naturalized": true,
  "f0_raw_npy": "D:\\YiYuTongSheng\\data\\svs\\segments\\opencpop_2018_phrase_010.f0_raw.npy",
  "f0_natural_npy": "D:\\YiYuTongSheng\\data\\svs\\segments\\opencpop_2018_phrase_010.f0_natural.npy",
  "f0_raw_min": 246.941650390625,
  "f0_raw_max": 369.9944152832031,
  "f0_raw_mean": 302.7343444824219,
  "f0_raw_std": 37.80968475341797,
  "f0_raw_has_nan": false,
  "f0_raw_has_inf": false,
  "f0_natural_min": 243.7082061767578,
  "f0_natural_max": 373.05517578125,
  "f0_natural_mean": 302.7214660644531,
  "f0_natural_std": 37.691654205322266,
  "f0_natural_has_nan": false,
  "f0_natural_has_inf": false,
  "f0_min": 243.7082061767578,
  "f0_max": 373.05517578125,
  "f0_mean": 302.7214660644531,
  "f0_std": 37.691654205322266,
  "f0_has_nan": false,
  "f0_has_inf": false,
  "f0_shape": [
    1,
    723
  ],
  "f0": {
    "min": 243.7082061767578,
    "max": 373.05517578125,
    "mean": 302.7214660644531,
    "std": 37.691654205322266,
    "has_nan": false,
    "has_inf": false,
    "shape": [
      1,
      723
    ]
  },
  "vibrato_enabled": true,
  "transition_smoothing_ms": 50,
  "vibrato_rate_hz": 5.5,
  "vibrato_depth_cents": 15,
  "tail_fall_cents": 20,
  "jitter_cents": 2
}
