{
  "item_name": "opencpop_2037_phrase_027",
  "mel_npy": "D:\\YiYuTongSheng\\data\\svs\\segments\\opencpop_2037_phrase_027.mel.npy",
  "mel_min": -5.439535617828369,
  "mel_max": -0.2305760383605957,
  "mel_mean": -2.607247829437256,
  "mel_std": 0.8398889303207397,
  "mel_has_nan": false,
  "mel_has_inf": false,
  "mel_shape": [
    1,
    1281,
    80
  ],
  "mel": {
    "min": -5.439535617828369,
    "max": -0.2305760383605957,
    "mean": -2.607247829437256,
    "std": 0.8398889303207397,
    "has_nan": false,
    "has_inf": false,
    "shape": [
      1,
      1281,
      80
    ]
  },
  "f0_exists": true,
  "f0_source": "notes_fallback_naturalized",
  "f0_naturalized": true,
  "f0_raw_npy": "D:\\YiYuTongSheng\\data\\svs\\segments\\opencpop_2037_phrase_027.f0_raw.npy",
  "f0_natural_npy": "D:\\YiYuTongSheng\\data\\svs\\segments\\opencpop_2037_phrase_027.f0_natural.npy",
  "f0_raw_min": 329.6275634765625,
  "f0_raw_max": 440.0,
  "f0_raw_mean": 396.7135009765625,
  "f0_raw_std": 49.030670166015625,
  "f0_raw_has_nan": false,
  "f0_raw_has_inf": false,
  "f0_natural_min": 326.7080383300781,
  "f0_natural_max": 444.32244873046875,
  "f0_natural_mean": 396.7082214355469,
  "f0_natural_std": 48.829498291015625,
  "f0_natural_has_nan": false,
  "f0_natural_has_inf": false,
  "f0_min": 326.7080383300781,
  "f0_max": 444.32244873046875,
  "f0_mean": 396.7082214355469,
  "f0_std": 48.829498291015625,
  "f0_has_nan": false,
  "f0_has_inf": false,
  "f0_shape": [
    1,
    1281
  ],
  "f0": {
    "min": 326.7080383300781,
    "max": 444.32244873046875,
    "mean": 396.7082214355469,
    "std": 48.829498291015625,
    "has_nan": false,
    "has_inf": false,
    "shape": [
      1,
      1281
    ]
  },
  "vibrato_enabled": true,
  "transition_smoothing_ms": 50,
  "vibrato_rate_hz": 5.5,
  "vibrato_depth_cents": 15,
  "tail_fall_cents": 20,
  "jitter_cents": 2
}
