{
  "item_name": "opencpop_2041_phrase_017",
  "mel_npy": "D:\\YiYuTongSheng\\data\\svs\\segments\\opencpop_2041_phrase_017.mel.npy",
  "mel_min": -5.937049388885498,
  "mel_max": -0.7296652793884277,
  "mel_mean": -3.1153452396392822,
  "mel_std": 0.8194472193717957,
  "mel_has_nan": false,
  "mel_has_inf": false,
  "mel_shape": [
    1,
    909,
    80
  ],
  "mel": {
    "min": -5.937049388885498,
    "max": -0.7296652793884277,
    "mean": -3.1153452396392822,
    "std": 0.8194472193717957,
    "has_nan": false,
    "has_inf": false,
    "shape": [
      1,
      909,
      80
    ]
  },
  "f0_exists": true,
  "f0_source": "notes_fallback_naturalized",
  "f0_naturalized": true,
  "f0_raw_npy": "D:\\YiYuTongSheng\\data\\svs\\segments\\opencpop_2041_phrase_017.f0_raw.npy",
  "f0_natural_npy": "D:\\YiYuTongSheng\\data\\svs\\segments\\opencpop_2041_phrase_017.f0_natural.npy",
  "f0_raw_min": 220.0,
  "f0_raw_max": 391.99542236328125,
  "f0_raw_mean": 276.6383056640625,
  "f0_raw_std": 53.19229507446289,
  "f0_raw_has_nan": false,
  "f0_raw_has_inf": false,
  "f0_natural_min": 219.66561889648438,
  "f0_natural_max": 392.2272033691406,
  "f0_natural_mean": 276.5989990234375,
  "f0_natural_std": 52.52503967285156,
  "f0_natural_has_nan": false,
  "f0_natural_has_inf": false,
  "f0_min": 219.66561889648438,
  "f0_max": 392.2272033691406,
  "f0_mean": 276.5989990234375,
  "f0_std": 52.52503967285156,
  "f0_has_nan": false,
  "f0_has_inf": false,
  "f0_shape": [
    1,
    909
  ],
  "f0": {
    "min": 219.66561889648438,
    "max": 392.2272033691406,
    "mean": 276.5989990234375,
    "std": 52.52503967285156,
    "has_nan": false,
    "has_inf": false,
    "shape": [
      1,
      909
    ]
  },
  "vibrato_enabled": true,
  "transition_smoothing_ms": 50,
  "vibrato_rate_hz": 5.5,
  "vibrato_depth_cents": 15,
  "tail_fall_cents": 20,
  "jitter_cents": 2
}
