{
  "item_name": "opencpop_2018_phrase_025",
  "mel_npy": "D:\\YiYuTongSheng\\data\\svs\\segments\\opencpop_2018_phrase_025.mel.npy",
  "mel_min": -5.158174514770508,
  "mel_max": -0.471468448638916,
  "mel_mean": -2.791428327560425,
  "mel_std": 0.7623419761657715,
  "mel_has_nan": false,
  "mel_has_inf": false,
  "mel_shape": [
    1,
    480,
    80
  ],
  "mel": {
    "min": -5.158174514770508,
    "max": -0.471468448638916,
    "mean": -2.791428327560425,
    "std": 0.7623419761657715,
    "has_nan": false,
    "has_inf": false,
    "shape": [
      1,
      480,
      80
    ]
  },
  "f0_exists": true,
  "f0_source": "notes_fallback_naturalized",
  "f0_naturalized": true,
  "f0_raw_npy": "D:\\YiYuTongSheng\\data\\svs\\segments\\opencpop_2018_phrase_025.f0_raw.npy",
  "f0_natural_npy": "D:\\YiYuTongSheng\\data\\svs\\segments\\opencpop_2018_phrase_025.f0_natural.npy",
  "f0_raw_min": 329.6275634765625,
  "f0_raw_max": 493.88330078125,
  "f0_raw_mean": 414.8319396972656,
  "f0_raw_std": 74.72010803222656,
  "f0_raw_has_nan": false,
  "f0_raw_has_inf": false,
  "f0_natural_min": 328.960693359375,
  "f0_natural_max": 498.01654052734375,
  "f0_natural_mean": 414.7895812988281,
  "f0_natural_std": 74.26541900634766,
  "f0_natural_has_nan": false,
  "f0_natural_has_inf": false,
  "f0_min": 328.960693359375,
  "f0_max": 498.01654052734375,
  "f0_mean": 414.7895812988281,
  "f0_std": 74.26541900634766,
  "f0_has_nan": false,
  "f0_has_inf": false,
  "f0_shape": [
    1,
    480
  ],
  "f0": {
    "min": 328.960693359375,
    "max": 498.01654052734375,
    "mean": 414.7895812988281,
    "std": 74.26541900634766,
    "has_nan": false,
    "has_inf": false,
    "shape": [
      1,
      480
    ]
  },
  "vibrato_enabled": true,
  "transition_smoothing_ms": 50,
  "vibrato_rate_hz": 5.5,
  "vibrato_depth_cents": 15,
  "tail_fall_cents": 20,
  "jitter_cents": 2
}
