{
  "item_name": "opencpop_2037_phrase_023",
  "mel_npy": "D:\\YiYuTongSheng\\data\\svs\\segments\\opencpop_2037_phrase_023.mel.npy",
  "mel_min": -5.314210414886475,
  "mel_max": -0.40143299102783203,
  "mel_mean": -2.595341920852661,
  "mel_std": 0.8008010387420654,
  "mel_has_nan": false,
  "mel_has_inf": false,
  "mel_shape": [
    1,
    453,
    80
  ],
  "mel": {
    "min": -5.314210414886475,
    "max": -0.40143299102783203,
    "mean": -2.595341920852661,
    "std": 0.8008010387420654,
    "has_nan": false,
    "has_inf": false,
    "shape": [
      1,
      453,
      80
    ]
  },
  "f0_exists": true,
  "f0_source": "notes_fallback_naturalized",
  "f0_naturalized": true,
  "f0_raw_npy": "D:\\YiYuTongSheng\\data\\svs\\segments\\opencpop_2037_phrase_023.f0_raw.npy",
  "f0_natural_npy": "D:\\YiYuTongSheng\\data\\svs\\segments\\opencpop_2037_phrase_023.f0_natural.npy",
  "f0_raw_min": 293.6647644042969,
  "f0_raw_max": 440.0,
  "f0_raw_mean": 351.6478576660156,
  "f0_raw_std": 48.37174606323242,
  "f0_raw_has_nan": false,
  "f0_raw_has_inf": false,
  "f0_natural_min": 291.09234619140625,
  "f0_natural_max": 440.2561340332031,
  "f0_natural_mean": 351.55181884765625,
  "f0_natural_std": 47.72423553466797,
  "f0_natural_has_nan": false,
  "f0_natural_has_inf": false,
  "f0_min": 291.09234619140625,
  "f0_max": 440.2561340332031,
  "f0_mean": 351.55181884765625,
  "f0_std": 47.72423553466797,
  "f0_has_nan": false,
  "f0_has_inf": false,
  "f0_shape": [
    1,
    453
  ],
  "f0": {
    "min": 291.09234619140625,
    "max": 440.2561340332031,
    "mean": 351.55181884765625,
    "std": 47.72423553466797,
    "has_nan": false,
    "has_inf": false,
    "shape": [
      1,
      453
    ]
  },
  "vibrato_enabled": true,
  "transition_smoothing_ms": 50,
  "vibrato_rate_hz": 5.5,
  "vibrato_depth_cents": 15,
  "tail_fall_cents": 20,
  "jitter_cents": 2
}
