{
  "item_name": "opencpop_2041_phrase_003",
  "mel_npy": "D:\\YiYuTongSheng\\data\\svs\\segments\\opencpop_2041_phrase_003.mel.npy",
  "mel_min": -6.13082218170166,
  "mel_max": -0.5995121002197266,
  "mel_mean": -2.9791245460510254,
  "mel_std": 0.7768678069114685,
  "mel_has_nan": false,
  "mel_has_inf": false,
  "mel_shape": [
    1,
    993,
    80
  ],
  "mel": {
    "min": -6.13082218170166,
    "max": -0.5995121002197266,
    "mean": -2.9791245460510254,
    "std": 0.7768678069114685,
    "has_nan": false,
    "has_inf": false,
    "shape": [
      1,
      993,
      80
    ]
  },
  "f0_exists": true,
  "f0_source": "notes_fallback_naturalized",
  "f0_naturalized": true,
  "f0_raw_npy": "D:\\YiYuTongSheng\\data\\svs\\segments\\opencpop_2041_phrase_003.f0_raw.npy",
  "f0_natural_npy": "D:\\YiYuTongSheng\\data\\svs\\segments\\opencpop_2041_phrase_003.f0_natural.npy",
  "f0_raw_min": 195.99771118164062,
  "f0_raw_max": 311.1269836425781,
  "f0_raw_mean": 271.3199157714844,
  "f0_raw_std": 26.744064331054688,
  "f0_raw_has_nan": false,
  "f0_raw_has_inf": false,
  "f0_natural_min": 195.63490295410156,
  "f0_natural_max": 313.5025939941406,
  "f0_natural_mean": 271.25537109375,
  "f0_natural_std": 26.18244171142578,
  "f0_natural_has_nan": false,
  "f0_natural_has_inf": false,
  "f0_min": 195.63490295410156,
  "f0_max": 313.5025939941406,
  "f0_mean": 271.25537109375,
  "f0_std": 26.18244171142578,
  "f0_has_nan": false,
  "f0_has_inf": false,
  "f0_shape": [
    1,
    993
  ],
  "f0": {
    "min": 195.63490295410156,
    "max": 313.5025939941406,
    "mean": 271.25537109375,
    "std": 26.18244171142578,
    "has_nan": false,
    "has_inf": false,
    "shape": [
      1,
      993
    ]
  },
  "vibrato_enabled": true,
  "transition_smoothing_ms": 50,
  "vibrato_rate_hz": 5.5,
  "vibrato_depth_cents": 15,
  "tail_fall_cents": 20,
  "jitter_cents": 2
}
