{
  "item_name": "opencpop_2014_phrase_004",
  "mel_npy": "D:\\YiYuTongSheng\\data\\svs\\segments\\opencpop_2014_phrase_004.mel.npy",
  "mel_min": -6.068982124328613,
  "mel_max": -0.5057597160339355,
  "mel_mean": -2.871413469314575,
  "mel_std": 0.8237519860267639,
  "mel_has_nan": false,
  "mel_has_inf": false,
  "mel_shape": [
    1,
    1068,
    80
  ],
  "mel": {
    "min": -6.068982124328613,
    "max": -0.5057597160339355,
    "mean": -2.871413469314575,
    "std": 0.8237519860267639,
    "has_nan": false,
    "has_inf": false,
    "shape": [
      1,
      1068,
      80
    ]
  },
  "f0_exists": true,
  "f0_source": "notes_fallback_naturalized",
  "f0_naturalized": true,
  "f0_raw_npy": "D:\\YiYuTongSheng\\data\\svs\\segments\\opencpop_2014_phrase_004.f0_raw.npy",
  "f0_natural_npy": "D:\\YiYuTongSheng\\data\\svs\\segments\\opencpop_2014_phrase_004.f0_natural.npy",
  "f0_raw_min": 293.6647644042969,
  "f0_raw_max": 415.3046875,
  "f0_raw_mean": 353.2817077636719,
  "f0_raw_std": 44.61429214477539,
  "f0_raw_has_nan": false,
  "f0_raw_has_inf": false,
  "f0_natural_min": 293.67694091796875,
  "f0_natural_max": 418.8599548339844,
  "f0_natural_mean": 353.23876953125,
  "f0_natural_std": 44.696537017822266,
  "f0_natural_has_nan": false,
  "f0_natural_has_inf": false,
  "f0_min": 293.67694091796875,
  "f0_max": 418.8599548339844,
  "f0_mean": 353.23876953125,
  "f0_std": 44.696537017822266,
  "f0_has_nan": false,
  "f0_has_inf": false,
  "f0_shape": [
    1,
    1068
  ],
  "f0": {
    "min": 293.67694091796875,
    "max": 418.8599548339844,
    "mean": 353.23876953125,
    "std": 44.696537017822266,
    "has_nan": false,
    "has_inf": false,
    "shape": [
      1,
      1068
    ]
  },
  "vibrato_enabled": true,
  "transition_smoothing_ms": 50,
  "vibrato_rate_hz": 5.5,
  "vibrato_depth_cents": 15,
  "tail_fall_cents": 20,
  "jitter_cents": 2
}
