{
  "item_name": "opencpop_2014_phrase_003",
  "mel_npy": "D:\\YiYuTongSheng\\data\\svs\\segments\\opencpop_2014_phrase_003.mel.npy",
  "mel_min": -5.6643171310424805,
  "mel_max": -0.35937976837158203,
  "mel_mean": -2.8508098125457764,
  "mel_std": 0.8261336088180542,
  "mel_has_nan": false,
  "mel_has_inf": false,
  "mel_shape": [
    1,
    1191,
    80
  ],
  "mel": {
    "min": -5.6643171310424805,
    "max": -0.35937976837158203,
    "mean": -2.8508098125457764,
    "std": 0.8261336088180542,
    "has_nan": false,
    "has_inf": false,
    "shape": [
      1,
      1191,
      80
    ]
  },
  "f0_exists": true,
  "f0_source": "notes_fallback_naturalized",
  "f0_naturalized": true,
  "f0_raw_npy": "D:\\YiYuTongSheng\\data\\svs\\segments\\opencpop_2014_phrase_003.f0_raw.npy",
  "f0_natural_npy": "D:\\YiYuTongSheng\\data\\svs\\segments\\opencpop_2014_phrase_003.f0_natural.npy",
  "f0_raw_min": 261.6255798339844,
  "f0_raw_max": 523.2511596679688,
  "f0_raw_mean": 369.7295837402344,
  "f0_raw_std": 85.50813293457031,
  "f0_raw_has_nan": false,
  "f0_raw_has_inf": false,
  "f0_natural_min": 259.2059631347656,
  "f0_natural_max": 528.3997802734375,
  "f0_natural_mean": 369.7471618652344,
  "f0_natural_std": 85.07231903076172,
  "f0_natural_has_nan": false,
  "f0_natural_has_inf": false,
  "f0_min": 259.2059631347656,
  "f0_max": 528.3997802734375,
  "f0_mean": 369.7471618652344,
  "f0_std": 85.07231903076172,
  "f0_has_nan": false,
  "f0_has_inf": false,
  "f0_shape": [
    1,
    1191
  ],
  "f0": {
    "min": 259.2059631347656,
    "max": 528.3997802734375,
    "mean": 369.7471618652344,
    "std": 85.07231903076172,
    "has_nan": false,
    "has_inf": false,
    "shape": [
      1,
      1191
    ]
  },
  "vibrato_enabled": true,
  "transition_smoothing_ms": 50,
  "vibrato_rate_hz": 5.5,
  "vibrato_depth_cents": 15,
  "tail_fall_cents": 20,
  "jitter_cents": 2
}
