{
  "item_name": "opencpop_2018_phrase_022",
  "mel_npy": "D:\\YiYuTongSheng\\data\\svs\\segments\\opencpop_2018_phrase_022.mel.npy",
  "mel_min": -5.134927272796631,
  "mel_max": -0.5902438163757324,
  "mel_mean": -2.745408296585083,
  "mel_std": 0.6908473372459412,
  "mel_has_nan": false,
  "mel_has_inf": false,
  "mel_shape": [
    1,
    431,
    80
  ],
  "mel": {
    "min": -5.134927272796631,
    "max": -0.5902438163757324,
    "mean": -2.745408296585083,
    "std": 0.6908473372459412,
    "has_nan": false,
    "has_inf": false,
    "shape": [
      1,
      431,
      80
    ]
  },
  "f0_exists": true,
  "f0_source": "notes_fallback_naturalized",
  "f0_naturalized": true,
  "f0_raw_npy": "D:\\YiYuTongSheng\\data\\svs\\segments\\opencpop_2018_phrase_022.f0_raw.npy",
  "f0_natural_npy": "D:\\YiYuTongSheng\\data\\svs\\segments\\opencpop_2018_phrase_022.f0_natural.npy",
  "f0_raw_min": 277.1826171875,
  "f0_raw_max": 493.88330078125,
  "f0_raw_mean": 379.1244812011719,
  "f0_raw_std": 78.11508178710938,
  "f0_raw_has_nan": false,
  "f0_raw_has_inf": false,
  "f0_natural_min": 277.2358703613281,
  "f0_natural_max": 498.15643310546875,
  "f0_natural_mean": 379.0429382324219,
  "f0_natural_std": 77.5326919555664,
  "f0_natural_has_nan": false,
  "f0_natural_has_inf": false,
  "f0_min": 277.2358703613281,
  "f0_max": 498.15643310546875,
  "f0_mean": 379.0429382324219,
  "f0_std": 77.5326919555664,
  "f0_has_nan": false,
  "f0_has_inf": false,
  "f0_shape": [
    1,
    431
  ],
  "f0": {
    "min": 277.2358703613281,
    "max": 498.15643310546875,
    "mean": 379.0429382324219,
    "std": 77.5326919555664,
    "has_nan": false,
    "has_inf": false,
    "shape": [
      1,
      431
    ]
  },
  "vibrato_enabled": true,
  "transition_smoothing_ms": 50,
  "vibrato_rate_hz": 5.5,
  "vibrato_depth_cents": 15,
  "tail_fall_cents": 20,
  "jitter_cents": 2
}
