{
  "item_name": "opencpop_2018_phrase_054",
  "mel_npy": "D:\\YiYuTongSheng\\data\\svs\\segments\\opencpop_2018_phrase_054.mel.npy",
  "mel_min": -5.48457670211792,
  "mel_max": -0.6040072441101074,
  "mel_mean": -2.9691665172576904,
  "mel_std": 0.7704912424087524,
  "mel_has_nan": false,
  "mel_has_inf": false,
  "mel_shape": [
    1,
    796,
    80
  ],
  "mel": {
    "min": -5.48457670211792,
    "max": -0.6040072441101074,
    "mean": -2.9691665172576904,
    "std": 0.7704912424087524,
    "has_nan": false,
    "has_inf": false,
    "shape": [
      1,
      796,
      80
    ]
  },
  "f0_exists": true,
  "f0_source": "notes_fallback_naturalized",
  "f0_naturalized": true,
  "f0_raw_npy": "D:\\YiYuTongSheng\\data\\svs\\segments\\opencpop_2018_phrase_054.f0_raw.npy",
  "f0_natural_npy": "D:\\YiYuTongSheng\\data\\svs\\segments\\opencpop_2018_phrase_054.f0_natural.npy",
  "f0_raw_min": 415.3046875,
  "f0_raw_max": 440.0,
  "f0_raw_mean": 437.7352294921875,
  "f0_raw_std": 7.127414703369141,
  "f0_raw_has_nan": false,
  "f0_raw_has_inf": false,
  "f0_natural_min": 411.93896484375,
  "f0_natural_max": 444.5581970214844,
  "f0_natural_mean": 437.69268798828125,
  "f0_natural_std": 7.4105658531188965,
  "f0_natural_has_nan": false,
  "f0_natural_has_inf": false,
  "f0_min": 411.93896484375,
  "f0_max": 444.5581970214844,
  "f0_mean": 437.69268798828125,
  "f0_std": 7.4105658531188965,
  "f0_has_nan": false,
  "f0_has_inf": false,
  "f0_shape": [
    1,
    796
  ],
  "f0": {
    "min": 411.93896484375,
    "max": 444.5581970214844,
    "mean": 437.69268798828125,
    "std": 7.4105658531188965,
    "has_nan": false,
    "has_inf": false,
    "shape": [
      1,
      796
    ]
  },
  "vibrato_enabled": true,
  "transition_smoothing_ms": 50,
  "vibrato_rate_hz": 5.5,
  "vibrato_depth_cents": 15,
  "tail_fall_cents": 20,
  "jitter_cents": 2
}
