{
  "item_name": "opencpop_2041_phrase_002",
  "mel_npy": "D:\\YiYuTongSheng\\data\\svs\\segments\\opencpop_2041_phrase_002.mel.npy",
  "mel_min": -6.356652736663818,
  "mel_max": -0.5273504257202148,
  "mel_mean": -2.952392339706421,
  "mel_std": 0.8392836451530457,
  "mel_has_nan": false,
  "mel_has_inf": false,
  "mel_shape": [
    1,
    1003,
    80
  ],
  "mel": {
    "min": -6.356652736663818,
    "max": -0.5273504257202148,
    "mean": -2.952392339706421,
    "std": 0.8392836451530457,
    "has_nan": false,
    "has_inf": false,
    "shape": [
      1,
      1003,
      80
    ]
  },
  "f0_exists": true,
  "f0_source": "notes_fallback_naturalized",
  "f0_naturalized": true,
  "f0_raw_npy": "D:\\YiYuTongSheng\\data\\svs\\segments\\opencpop_2041_phrase_002.f0_raw.npy",
  "f0_natural_npy": "D:\\YiYuTongSheng\\data\\svs\\segments\\opencpop_2041_phrase_002.f0_natural.npy",
  "f0_raw_min": 220.0,
  "f0_raw_max": 466.16375732421875,
  "f0_raw_mean": 316.9725646972656,
  "f0_raw_std": 82.82534790039062,
  "f0_raw_has_nan": false,
  "f0_raw_has_inf": false,
  "f0_natural_min": 219.7503662109375,
  "f0_natural_max": 471.7445983886719,
  "f0_natural_mean": 316.9664001464844,
  "f0_natural_std": 82.49884033203125,
  "f0_natural_has_nan": false,
  "f0_natural_has_inf": false,
  "f0_min": 219.7503662109375,
  "f0_max": 471.7445983886719,
  "f0_mean": 316.9664001464844,
  "f0_std": 82.49884033203125,
  "f0_has_nan": false,
  "f0_has_inf": false,
  "f0_shape": [
    1,
    1003
  ],
  "f0": {
    "min": 219.7503662109375,
    "max": 471.7445983886719,
    "mean": 316.9664001464844,
    "std": 82.49884033203125,
    "has_nan": false,
    "has_inf": false,
    "shape": [
      1,
      1003
    ]
  },
  "vibrato_enabled": true,
  "transition_smoothing_ms": 50,
  "vibrato_rate_hz": 5.5,
  "vibrato_depth_cents": 15,
  "tail_fall_cents": 20,
  "jitter_cents": 2
}
