{
  "item_name": "opencpop_2018_phrase_058",
  "mel_npy": "D:\\YiYuTongSheng\\data\\svs\\segments\\opencpop_2018_phrase_058.mel.npy",
  "mel_min": -5.3866190910339355,
  "mel_max": -0.4946613311767578,
  "mel_mean": -2.864675998687744,
  "mel_std": 0.7411338686943054,
  "mel_has_nan": false,
  "mel_has_inf": false,
  "mel_shape": [
    1,
    945,
    80
  ],
  "mel": {
    "min": -5.3866190910339355,
    "max": -0.4946613311767578,
    "mean": -2.864675998687744,
    "std": 0.7411338686943054,
    "has_nan": false,
    "has_inf": false,
    "shape": [
      1,
      945,
      80
    ]
  },
  "f0_exists": true,
  "f0_source": "notes_fallback_naturalized",
  "f0_naturalized": true,
  "f0_raw_npy": "D:\\YiYuTongSheng\\data\\svs\\segments\\opencpop_2018_phrase_058.f0_raw.npy",
  "f0_natural_npy": "D:\\YiYuTongSheng\\data\\svs\\segments\\opencpop_2018_phrase_058.f0_natural.npy",
  "f0_raw_min": 293.6647644042969,
  "f0_raw_max": 554.365234375,
  "f0_raw_mean": 396.7533874511719,
  "f0_raw_std": 65.44203186035156,
  "f0_raw_has_nan": false,
  "f0_raw_has_inf": false,
  "f0_natural_min": 293.12115478515625,
  "f0_natural_max": 558.2792358398438,
  "f0_natural_mean": 396.65704345703125,
  "f0_natural_std": 64.92124938964844,
  "f0_natural_has_nan": false,
  "f0_natural_has_inf": false,
  "f0_min": 293.12115478515625,
  "f0_max": 558.2792358398438,
  "f0_mean": 396.65704345703125,
  "f0_std": 64.92124938964844,
  "f0_has_nan": false,
  "f0_has_inf": false,
  "f0_shape": [
    1,
    945
  ],
  "f0": {
    "min": 293.12115478515625,
    "max": 558.2792358398438,
    "mean": 396.65704345703125,
    "std": 64.92124938964844,
    "has_nan": false,
    "has_inf": false,
    "shape": [
      1,
      945
    ]
  },
  "vibrato_enabled": true,
  "transition_smoothing_ms": 50,
  "vibrato_rate_hz": 5.5,
  "vibrato_depth_cents": 15,
  "tail_fall_cents": 20,
  "jitter_cents": 2
}
