{
  "item_name": "opencpop_2041_phrase_010",
  "mel_npy": "D:\\YiYuTongSheng\\data\\svs\\segments\\opencpop_2041_phrase_010.mel.npy",
  "mel_min": -6.166220664978027,
  "mel_max": -0.48687076568603516,
  "mel_mean": -2.9482712745666504,
  "mel_std": 0.8565690517425537,
  "mel_has_nan": false,
  "mel_has_inf": false,
  "mel_shape": [
    1,
    1027,
    80
  ],
  "mel": {
    "min": -6.166220664978027,
    "max": -0.48687076568603516,
    "mean": -2.9482712745666504,
    "std": 0.8565690517425537,
    "has_nan": false,
    "has_inf": false,
    "shape": [
      1,
      1027,
      80
    ]
  },
  "f0_exists": true,
  "f0_source": "notes_fallback_naturalized",
  "f0_naturalized": true,
  "f0_raw_npy": "D:\\YiYuTongSheng\\data\\svs\\segments\\opencpop_2041_phrase_010.f0_raw.npy",
  "f0_natural_npy": "D:\\YiYuTongSheng\\data\\svs\\segments\\opencpop_2041_phrase_010.f0_natural.npy",
  "f0_raw_min": 220.0,
  "f0_raw_max": 466.16375732421875,
  "f0_raw_mean": 315.9423828125,
  "f0_raw_std": 85.39093780517578,
  "f0_raw_has_nan": false,
  "f0_raw_has_inf": false,
  "f0_natural_min": 218.4879913330078,
  "f0_natural_max": 471.534912109375,
  "f0_natural_mean": 315.9429016113281,
  "f0_natural_std": 85.08634948730469,
  "f0_natural_has_nan": false,
  "f0_natural_has_inf": false,
  "f0_min": 218.4879913330078,
  "f0_max": 471.534912109375,
  "f0_mean": 315.9429016113281,
  "f0_std": 85.08634948730469,
  "f0_has_nan": false,
  "f0_has_inf": false,
  "f0_shape": [
    1,
    1027
  ],
  "f0": {
    "min": 218.4879913330078,
    "max": 471.534912109375,
    "mean": 315.9429016113281,
    "std": 85.08634948730469,
    "has_nan": false,
    "has_inf": false,
    "shape": [
      1,
      1027
    ]
  },
  "vibrato_enabled": true,
  "transition_smoothing_ms": 50,
  "vibrato_rate_hz": 5.5,
  "vibrato_depth_cents": 15,
  "tail_fall_cents": 20,
  "jitter_cents": 2
}
