{
  "item_name": "opencpop_2037_phrase_040",
  "mel_npy": "D:\\YiYuTongSheng\\data\\svs\\segments\\opencpop_2037_phrase_040.mel.npy",
  "mel_min": -5.7601470947265625,
  "mel_max": -0.20508861541748047,
  "mel_mean": -2.5399389266967773,
  "mel_std": 0.8043690919876099,
  "mel_has_nan": false,
  "mel_has_inf": false,
  "mel_shape": [
    1,
    780,
    80
  ],
  "mel": {
    "min": -5.7601470947265625,
    "max": -0.20508861541748047,
    "mean": -2.5399389266967773,
    "std": 0.8043690919876099,
    "has_nan": false,
    "has_inf": false,
    "shape": [
      1,
      780,
      80
    ]
  },
  "f0_exists": true,
  "f0_source": "notes_fallback_naturalized",
  "f0_naturalized": true,
  "f0_raw_npy": "D:\\YiYuTongSheng\\data\\svs\\segments\\opencpop_2037_phrase_040.f0_raw.npy",
  "f0_natural_npy": "D:\\YiYuTongSheng\\data\\svs\\segments\\opencpop_2037_phrase_040.f0_natural.npy",
  "f0_raw_min": 415.3046875,
  "f0_raw_max": 523.2511596679688,
  "f0_raw_mean": 465.625,
  "f0_raw_std": 40.28659439086914,
  "f0_raw_has_nan": false,
  "f0_raw_has_inf": false,
  "f0_natural_min": 411.24371337890625,
  "f0_natural_max": 528.6016235351562,
  "f0_natural_mean": 465.6819763183594,
  "f0_natural_std": 40.052940368652344,
  "f0_natural_has_nan": false,
  "f0_natural_has_inf": false,
  "f0_min": 411.24371337890625,
  "f0_max": 528.6016235351562,
  "f0_mean": 465.6819763183594,
  "f0_std": 40.052940368652344,
  "f0_has_nan": false,
  "f0_has_inf": false,
  "f0_shape": [
    1,
    780
  ],
  "f0": {
    "min": 411.24371337890625,
    "max": 528.6016235351562,
    "mean": 465.6819763183594,
    "std": 40.052940368652344,
    "has_nan": false,
    "has_inf": false,
    "shape": [
      1,
      780
    ]
  },
  "vibrato_enabled": true,
  "transition_smoothing_ms": 50,
  "vibrato_rate_hz": 5.5,
  "vibrato_depth_cents": 15,
  "tail_fall_cents": 20,
  "jitter_cents": 2
}
